property_id,requested_by,access_contact,tenancy_id,summary,details,status,quote_request_creditor_ids,work_order_creditor_id
rps_lng-CVA210023,Agency,Agency,,Replacement of hot water service,Replacement of hot water service,WorkOrder,,rps_lng-CVA21001869
rps_lng-CVA210032,Agency,Agency,,Repair to plaster after water leak,Repair to plaster after water leak,QuoteRequest,rps_lng-DRE19000036,
rps_lng-CVA210032,Agency,Agency,,Electrical and Gas Safety,Electrical and Gas Safety,WorkOrder,,rps_lng-HDO19001188
rps_lng-CVA210032,Agency,Agency,,Investigate roof leak,Investigate roof leak,WorkOrder,,rps_lng-CVA21001869
rps_lng-CVA210032,Agency,Agency,,Repair to roof leak,Repair to roof leak,WorkOrder,,rps_lng-CVA21001869
rps_lng-CVA210032,Agency,Agency,,Repair to window in master bedroom,Repair to window in master bedroom,WorkOrder,,rps_lng-DRE19000036
rps_lng-CVA210067,Agency,Agency,,Gas Safety Check,Gas Safety Check,Open,,
rps_lng-CVA210067,Agency,Agency,,Gas and Electrical Check,Gas and Electrical Check,WorkOrder,,rps_lng-HDO19001188
rps_lng-CVA210067,Agency,Agency,,Water Damage Repairs,Water Damage Repairs,WorkOrder,,rps_lng-DRE19000036
rps_lng-CVA210068,Agency,Agency,,Window Locks,Window Locks,OwnerAttending,,
rps_lng-CVA210068,Agency,Agency,,Gas & Electrical Checks,Gas & Electrical Checks,WorkOrder,,rps_lng-VAD21000019
rps_lng-CVA210072,Agency,Agency,,Key,Key,WorkOrder,,rps_lng-HDO20001090
rps_lng-CVA210072,Agency,Agency,,Electrical and Gas Safety,Electrical and Gas Safety,WorkOrder,,rps_lng-VAD21000019
rps_lng-CVA210073,Agency,Agency,,Gas and Electrical Check,Gas and Electrical Check,WorkOrder,,rps_lng-HDO19001188
rps_lng-CVA210073,Tenancy,Tenancy,rps_lng-CVA210416,Electrical / lighting issues,Electrical / lighting issues,WorkOrder,,rps_lng-HDO18002179
rps_lng-CVA210073,Agency,Agency,,Heater Bracket Repairs,Heater Bracket Repairs,WorkOrder,,rps_lng-VAD21000019
rps_lng-CVA210117,Agency,Agency,,Gutter Cleaning,Gutter Cleaning,WorkOrder,,rps_lng-CVA21001869
rps_lng-CVA210117,Agency,Agency,,Repair to water pooling on front window frame,Repair to water pooling on front window frame,WorkOrder,,rps_lng-CVA21001869
rps_lng-CVA210117,Agency,Agency,,Repair to hot water in bathroom,Repair to hot water in bathroom,WorkOrder,,rps_lng-CVA21001869
rps_lng-CVA210117,Agency,Agency,,Gutter cleaning,Gutter cleaning,WorkOrder,,rps_lng-CVA21001869
rps_lng-CVA210117,Agency,Agency,,Ongoing garden maintenance,Ongoing garden maintenance,WorkOrder,,rps_lng-JAM21000053
rps_lng-CVA210117,Agency,Agency,,Gutter cleaning,Gutter cleaning,WorkOrder,,rps_lng-CVA21001869
rps_lng-CVA210117,Agency,Agency,,Garden Maintenance & Green Waste Removal,Garden Maintenance & Green Waste Removal,WorkOrder,,rps_lng-CVA21001999
rps_lng-CVA210117,Agency,Agency,,Issue with rodent droppings,Issue with rodent droppings,WorkOrder,,rps_lng-CVA21002429
rps_lng-CVA210117,Agency,Agency,,General repairs & electrical/gas certificates,General repairs & electrical/gas certificates,WorkOrder,,rps_lng-VAD21000019
rps_lng-CVA210117,Agency,Agency,,Garden Maintenance - General,Garden Maintenance - General,WorkOrder,,rps_lng-CVA21001999
rps_lng-CVA210117,Tenancy,Tenancy,rps_lng-CVA210414,Garden Maintenance - General,Garden Maintenance - General,WorkOrder,,rps_lng-CVA21001999
rps_lng-CVA210117,Agency,Agency,,Garden Maintenance - General,Garden Maintenance - General,WorkOrder,,rps_lng-HDO19006017
rps_lng-CVA210117,Tenancy,Tenancy,rps_lng-CVA210414,Repair to dishwasher,Repair to dishwasher,WorkOrder,,rps_lng-CVA21001890
rps_lng-CVA210117,Agency,Agency,,Garden Maintenance,Garden Maintenance,WorkOrder,,rps_lng-HDO19006017
rps_lng-CVA210117,Agency,Agency,,Garden Maintenance,Garden Maintenance,WorkOrder,,rps_lng-HDO19006017
rps_lng-CVA210118,Agency,Agency,,Removal of tree,Removal of tree,WorkOrder,,rps_lng-CVA21002204
rps_lng-CVA210118,Agency,Agency,,Repair to window/door,Repair to window/door,WorkOrder,,rps_lng-CVA21002081
rps_lng-CVA210118,Agency,Agency,,Gutter cleaning,Gutter cleaning,WorkOrder,,rps_lng-CVA21001939
rps_lng-CVA210118,Agency,Agency,,Key for bathroom window,Key for bathroom window,WorkOrder,,rps_lng-HDO17002839
rps_lng-CVA210118,Agency,Agency,,"Elec/gas checks, new oven, rangehood & exhaust fan","Elec/gas checks, new oven, rangehood & exhaust fan",WorkOrder,,rps_lng-VAD21000019
rps_lng-CVA210118,Tenancy,Tenancy,rps_lng-CVA210247,Repair to exhuast fan,Repair to exhuast fan,WorkOrder,,rps_lng-HAW21000001
rps_lng-CVA210118,Tenancy,Tenancy,rps_lng-CVA210247,measurements for oven,measurements for oven,WorkOrder,,rps_lng-CVA21002006
rps_lng-CVA210153,Agency,Agency,,Gas and Electrical Check,Gas and Electrical Check,WorkOrder,,rps_lng-HDO19001188
rps_lng-CVA210153,Agency,Agency,,Toilet Running Water,Toilet Running Water,WorkOrder,,rps_lng-HDO19001147
rps_lng-CVA210153,Agency,Agency,,General repairs,General repairs,WorkOrder,,rps_lng-VAD21000019
rps_lng-CVA210171,Agency,Agency,,Gas and Electrical Check,Gas and Electrical Check,WorkOrder,,rps_lng-HDO19001188
rps_lng-CVA210171,Agency,Agency,,Bathroom Ceiling Repaint,Bathroom Ceiling Repaint,WorkOrder,,rps_lng-HDO21001981
rps_lng-CVA210185,Agency,Agency,,Electrical and Gas Safety,Electrical and Gas Safety,WorkOrder,,rps_lng-VAD21000019
rps_lng-CVA210194,Agency,Agency,,Toilet Leak,Toilet Leak,WorkOrder,,rps_lng-HDO19001147
rps_lng-CVA210194,Agency,Agency,,Blocked Dishwasher,Blocked Dishwasher,WorkOrder,,rps_lng-HDO19001147
rps_lng-CVA210194,Agency,Agency,,Saftey Checks,Saftey Checks,WorkOrder,,rps_lng-VAD21000019
rps_lng-CVA210194,Agency,Agency,,Toilet - blockage repair,Toilet - blockage repair,WorkOrder,,rps_lng-HDO19001147
rps_lng-CVA210194,Tenancy,Tenancy,rps_lng-CVA210537,Ducted Heating not working,Ducted Heating not working,WorkOrder,,rps_lng-HDO19001493
rps_lng-CVA210231,Agency,Agency,,Gas Safety Check,Gas Safety Check,Open,,
rps_lng-CVA210231,Agency,Agency,,Gas and Electrical Check,Gas and Electrical Check,Open,,
rps_lng-CVA210383,Agency,Agency,,Combined electrical and gas safety certificates,Combined electrical and gas safety certificates,WorkOrder,,rps_lng-HDO19001188
rps_lng-CVA210383,Agency,Agency,,Toilet,Toilet,WorkOrder,,rps_lng-HDO19001147
rps_lng-CVA210383,Agency,Agency,,HWS replacement,HWS replacement,WorkOrder,,rps_lng-HDO19001076
rps_lng-CVA210383,Agency,Agency,,Hot Water system investigation,Hot Water system investigation,WorkOrder,,rps_lng-HDO19001147
rps_lng-CVA210384,Agency,Agency,,Gas Safety Check,Gas Safety Check,WorkOrder,,rps_lng-HDO21001573
rps_lng-CVA210384,Agency,Agency,,Combined electrical and gas safety certificates,Combined electrical and gas safety certificates,WorkOrder,,rps_lng-HDO19001188
rps_lng-CVA210384,Agency,Agency,,Front Door lock,Front Door lock,WorkOrder,,rps_lng-CVA21002453
rps_lng-CVA210384,Agency,Agency,,Bathroom Light Fitting,Bathroom Light Fitting,WorkOrder,,rps_lng-SAN22000095
rps_lng-CVA210384,Agency,Agency,,Shower tiles,Shower tiles,OwnerAttending,,
rps_lng-CVA210384,Agency,Agency,,Routine Inspection Maintenance,Routine Inspection Maintenance,WorkOrder,,rps_lng-VAD21000019
rps_lng-CVA210384,Tenancy,Tenancy,rps_lng-CVA210099,Bathroom - sink blockage repairs,Bathroom - sink blockage repairs,WorkOrder,,rps_lng-HDO19001147
rps_lng-CVA210384,Tenancy,Tenancy,rps_lng-CVA210099,Kitchen Tap Leak,Kitchen Tap Leak,WorkOrder,,rps_lng-HDO19004377
rps_lng-CVA210385,Agency,Agency,,Gas Compliance Rectification,Gas Compliance Rectification,WorkOrder,,rps_lng-HDO19001147
rps_lng-CVA210389,Agency,Agency,,Combined electrical and gas safety certificates,Combined electrical and gas safety certificates,WorkOrder,,rps_lng-HDO19001188
rps_lng-CVA210389,Agency,Agency,,HWS replacement,HWS replacement,WorkOrder,,rps_lng-HDO19001147
rps_lng-CVA210389,Agency,Agency,,HWS repair,HWS repair,WorkOrder,,rps_lng-HDO19001147
rps_lng-CVA210391,Agency,Agency,,Gas Safety Check,Gas Safety Check,WorkOrder,,rps_lng-HDO21001573
rps_lng-CVA210391,Agency,Agency,,Combined electrical and gas safety certificates,Combined electrical and gas safety certificates,WorkOrder,,rps_lng-HDO19001188
rps_lng-CVA210401,Agency,Agency,,Combined electrical and gas safety certificates,Combined electrical and gas safety certificates,WorkOrder,,rps_lng-HDO19001188
rps_lng-CVA210401,Agency,Agency,,Supply and install new new dryer,Supply and install new new dryer,WorkOrder,,rps_lng-CVA21002250
rps_lng-CVA210401,Agency,Agency,,General Maintenance,General Maintenance,WorkOrder,,rps_lng-CVA21002250
rps_lng-CVA210401,Agency,Agency,,Electrical Safety Check,Electrical Safety Check,WorkOrder,,rps_lng-DRE20000110
rps_lng-CVA210401,Tenancy,Tenancy,rps_lng-HDO210580,Handle for bath/shower is not secured,Handle for bath/shower is not secured,WorkOrder,,rps_lng-CVA21002250
rps_lng-CVA210401,Tenancy,Tenancy,rps_lng-HDO210580,Windows not sealed and other maint,Windows not sealed and other maint,WorkOrder,,rps_lng-CVA21002250
rps_lng-CVA210417,Agency,Agency,,Shower Head & Kitchen Tap,Shower Head & Kitchen Tap,WorkOrder,,rps_lng-HDO19001147
rps_lng-CVA210417,Agency,Agency,,Urgent Lock Repair,Urgent Lock Repair,WorkOrder,,rps_lng-CHA19000037
rps_lng-CVA210417,Agency,Agency,,Gas and Electrical Check,Gas and Electrical Check,WorkOrder,,rps_lng-HDO19001188
rps_lng-CVA210417,Agency,Agency,,Faulty Power Point,Faulty Power Point,WorkOrder,,rps_lng-SAN22000095
rps_lng-CVA210417,Agency,Agency,,Replacement of carpet in bedroom,Replacement of carpet in bedroom,WorkOrder,,rps_lng-HDO19002574
rps_lng-CVA210417,Agency,Agency,,Carpet cleaning,Carpet cleaning,WorkOrder,,rps_lng-HDO21001673
rps_lng-CVA210417,Agency,Agency,,Investigation into water leak,Investigation into water leak,WorkOrder,,rps_lng-CVA21001869
rps_lng-CVA210417,Agency,Agency,,Repair to pipes leaking in Kitchen,Repair to pipes leaking in Kitchen,WorkOrder,,rps_lng-CVA21001869
rps_lng-CVA210417,Agency,Agency,,"Repair to bathroom cupboard, silicone & cupboard","Repair to bathroom cupboard, silicone & cupboard",WorkOrder,,rps_lng-DRE19000036
rps_lng-CVA210417,Agency,Agency,,Replacement of kitchen tap,Replacement of kitchen tap,WorkOrder,,rps_lng-CVA21001869
rps_lng-CVA210417,Agency,Agency,,Repair to blind & towel rail,Repair to blind & towel rail,WorkOrder,,rps_lng-DRE19000036
rps_lng-CVA210417,Agency,Agency,,Investigation into hot water issue,Investigation into hot water issue,WorkOrder,,rps_lng-CVA21001869
rps_lng-CVA210420,Agency,Agency,,Electrical Safety Check,Electrical Safety Check,WorkOrder,,rps_lng-SAN22000095
rps_lng-CVA210420,Agency,Agency,,Gas Safety Check,Gas Safety Check,WorkOrder,,rps_lng-HDO22004027
rps_lng-CVA210420,Agency,Agency,,Replacement of dishwasher,Replacement of dishwasher,WorkOrder,,rps_lng-HDO08001895
rps_lng-CVA210420,Agency,Agency,,Bathroom Heater,Bathroom Heater,WorkOrder,,rps_lng-VAD21000019
rps_lng-CVA210420,Agency,Agency,,Elec/gas certifcates,Elec/gas certifcates,WorkOrder,,rps_lng-VAD21000019
rps_lng-CVA210429,Agency,Agency,,Gas Safety Check,Gas Safety Check,Open,,
rps_lng-CVA210429,Agency,Agency,,Electrical Safety Check,Electrical Safety Check,WorkOrder,,rps_lng-HDO19001188
rps_lng-CVA210429,Tenancy,Tenancy,rps_lng-CVA210576,SUPPLY AND CODE 1 REMOTE CONTROL,SUPPLY AND CODE 1 REMOTE CONTROL,WorkOrder,,rps_lng-HDO19001219
rps_lng-CVA210435,Agency,Agency,,Gutter cleaning & electrical/gas checks,Gutter cleaning & electrical/gas checks,WorkOrder,,rps_lng-VAD21000019
rps_lng-CVA210436,Agency,Agency,,Electrical Safety,Electrical Safety,WorkOrder,,rps_lng-VAD21000019
rps_lng-CVA210436,Tenancy,Tenancy,rps_lng-CVA210612,Front Door,Front Door,WorkOrder,,rps_lng-CVA21001816
rps_lng-CVA210436,Tenancy,Tenancy,rps_lng-CVA210612,Other - Rangehood no longer works advised 8 days a,Other - Rangehood no longer works advised 8 days a,WorkOrder,,rps_lng-HDO18002179
rps_lng-CVA210436,Tenancy,Tenancy,rps_lng-CVA210612,No power,No power,WorkOrder,,rps_lng-HDO18002179
rps_lng-CVA210436,Tenancy,Tenancy,rps_lng-CVA210612,Bathroom/laundry extraction fan broken,Bathroom/laundry extraction fan broken,WorkOrder,,rps_lng-CVA21002484
rps_lng-CVA210436,Agency,Agency,,Repair bathroom taps fallen off,Repair bathroom taps fallen off,WorkOrder,,rps_lng-CVA21002238
rps_lng-CVA210439,Agency,Agency,,Front Door Lock,Front Door Lock,WorkOrder,,rps_lng-CHA19000037
rps_lng-CVA210459,Agency,Agency,,Repair to kitchen tap,Repair to kitchen tap,WorkOrder,,rps_lng-VAD21000019
rps_lng-CVA210459,Agency,Agency,,Gas safety checks & toilet repair,Gas safety checks & toilet repair,WorkOrder,,rps_lng-VAD21000019
rps_lng-CVA210465,Agency,Agency,,Electrical Safety Check,Electrical Safety Check,WorkOrder,,rps_lng-HDO19001188
rps_lng-CVA210491,Agency,Agency,,Gas Safety Check,Gas Safety Check,Open,,
rps_lng-CVA210491,Agency,Agency,,Gas and Electrical Check,Gas and Electrical Check,Open,,
rps_lng-CVA210491,Agency,Agency,,Leaking HWS,Leaking HWS,WorkOrder,,rps_lng-CVA21002238
rps_lng-CVA210542,Agency,Agency,,Gas Safety Check,Gas Safety Check,Open,,
rps_lng-CVA210542,Agency,Agency,,Gas and Electrical Check,Gas and Electrical Check,Open,,
rps_lng-CVA210579,Agency,Agency,,Gas and Electrical Check,Gas and Electrical Check,WorkOrder,,rps_lng-HDO19001188
rps_lng-CVA210616,Agency,Agency,,Gas Safety,Gas Safety,WorkOrder,,rps_lng-HDO19001188
rps_lng-CVA210616,Agency,Agency,,Electrical and Gas Safety,Electrical and Gas Safety,WorkOrder,,rps_lng-VAD21000019
rps_lng-CVA210616,Tenancy,Tenancy,rps_lng-HDO220102,Bedroom Balcony Door,Bedroom Balcony Door,WorkOrder,,rps_lng-CVA21002081
rps_lng-CVA210647,Agency,Agency,,Gas and Electrical Check,Gas and Electrical Check,WorkOrder,,rps_lng-HDO19001188
rps_lng-CVA210647,Agency,Agency,,Washing Machine,Washing Machine,WorkOrder,,rps_lng-HDO19001147
rps_lng-HDO080004,Agency,Agency,,Gas Safety Check,Gas Safety Check,Open,,
rps_lng-HDO080004,Agency,Agency,,Gas and Electrical Check,Gas and Electrical Check,WorkOrder,,rps_lng-HDO19001188
rps_lng-HDO080004,Agency,Agency,,Kitchen Tap & Door Repairs,Kitchen Tap & Door Repairs,WorkOrder,,rps_lng-HDO21001704
rps_lng-HDO080004,Agency,Agency,,Toilet Exhaust fan,Toilet Exhaust fan,WorkOrder,,rps_lng-VAD21000019
rps_lng-HDO080004,Tenancy,Tenancy,rps_lng-RPT191479,"Resecure and repair the alfresco cornice, repaint.","Resecure and repair the alfresco cornice, repaint.",WorkOrder,,rps_lng-DRE19000036
rps_lng-HDO080004,Tenancy,Tenancy,rps_lng-RPT191479,bathroom door handle and fly screen door,bathroom door handle and fly screen door,WorkOrder,,rps_lng-DRE19000036
rps_lng-HDO080019,Agency,Agency,,Gas Safety Check,Gas Safety Check,WorkOrder,,rps_lng-HDO22004027
rps_lng-HDO080019,Agency,Agency,,Gas and Electrical Check,Gas and Electrical Check,WorkOrder,,rps_lng-HDO19001188
rps_lng-HDO080019,Agency,Agency,,Leaking Toilet,Leaking Toilet,WorkOrder,,rps_lng-HDO19001147
rps_lng-HDO080019,Agency,Agency,,No Hot Water,No Hot Water,WorkOrder,,rps_lng-HDO19001147
rps_lng-HDO080019,Tenancy,Tenancy,rps_lng-HDO200373,Base of toilet is leaking,Base of toilet is leaking,WorkOrder,,rps_lng-HDO19001147
rps_lng-HDO080019,Agency,Agency,,Stove sparking & DW error,Stove sparking & DW error,WorkOrder,,rps_lng-WES20000152
rps_lng-HDO090003,Agency,Agency,,Gas Safety Check,Gas Safety Check,WorkOrder,,rps_lng-HDO22004027
rps_lng-HDO090003,Agency,Agency,,Gas and Electrical Check,Gas and Electrical Check,WorkOrder,,rps_lng-HDO19001188
rps_lng-HDO090003,Agency,Agency,,Installed new sheet of plaster,Installed new sheet of plaster,WorkOrder,,rps_lng-VAD21000019
rps_lng-HDO090003,Agency,Agency,,Install residential opener with belt rail,Install residential opener with belt rail,WorkOrder,,rps_lng-HDO22001674
rps_lng-HDO090003,Agency,Agency,,Garage Door Service,Garage Door Service,WorkOrder,,rps_lng-HDO22001674
rps_lng-HDO090003,Agency,Agency,,Urgent Heating Fault,Urgent Heating Fault,WorkOrder,,rps_lng-HDO19001493
rps_lng-HDO090003,Agency,Agency,,Garage Door Handle,Garage Door Handle,WorkOrder,,rps_lng-HDO18002052
rps_lng-HDO090003,Agency,Agency,,Pest control,Pest control,WorkOrder,,rps_lng-HDO18000912
rps_lng-HDO090003,Agency,Agency,,Oven not heating up,Oven not heating up,WorkOrder,,rps_lng-HDO18002179
rps_lng-HDO090003,Agency,Agency,,Bathroom windows not opening,Bathroom windows not opening,WorkOrder,,rps_lng-VAD21000019
rps_lng-HDO090003,Agency,Agency,,Ducted Heating Service,Ducted Heating Service,WorkOrder,,rps_lng-HDO19002152
rps_lng-HDO090003,Tenancy,Tenancy,rps_lng-HDO200885,Oven glass,Oven glass,WorkOrder,,rps_lng-HDO19003549
rps_lng-HDO090003,Tenancy,Tenancy,rps_lng-HDO200885,Various Items,Various Items,WorkOrder,,rps_lng-DRE19000036
rps_lng-HDO090003,Tenancy,Tenancy,rps_lng-HDO200885,Plumbing Items,Plumbing Items,WorkOrder,,rps_lng-HDO19001076
rps_lng-HDO090003,Tenancy,Tenancy,rps_lng-HDO200885,AC in Lounge & Bedroom,AC in Lounge & Bedroom,WorkOrder,,rps_lng-COS19000051
rps_lng-HDO090030,Agency,Agency,,Gas Safety Check,Gas Safety Check,WorkOrder,,rps_lng-HDO22004027
rps_lng-HDO100024,Agency,Agency,,Cracked Shower Base,Cracked Shower Base,OwnerAttending,,
rps_lng-HDO100024,Agency,Agency,,Gas and Electrical Check,Gas and Electrical Check,WorkOrder,,rps_lng-HDO19001188
rps_lng-HDO110042,Agency,Agency,,Gas Safety Check,Gas Safety Check,WorkOrder,,rps_lng-HDO22004027
rps_lng-HDO110042,Agency,Agency,,Ducted Heating Service,Ducted Heating Service,WorkOrder,,rps_lng-DRE19000076
rps_lng-HDO110042,Agency,Agency,,Gas and Electrical Check,Gas and Electrical Check,WorkOrder,,rps_lng-HDO19001188
rps_lng-HDO110042,Agency,Agency,,Hot Water System + Animal in Ceiling,Hot Water System + Animal in Ceiling,WorkOrder,,rps_lng-HDO19003293
rps_lng-HDO110042,Agency,Agency,,Front door not latching,Front door not latching,WorkOrder,,rps_lng-VAD21000019
rps_lng-HDO110042,Tenancy,Tenancy,rps_lng-HDO190051,Blocked Laundry Sink,Blocked Laundry Sink,WorkOrder,,rps_lng-HDO19001340
rps_lng-HDO110043,Agency,Agency,,Electrical Compliance Rectification,Electrical Compliance Rectification,WorkOrder,,rps_lng-SAN22000095
rps_lng-HDO110043,Agency,Agency,,Gas and Electrical Check,Gas and Electrical Check,WorkOrder,,rps_lng-HDO19001188
rps_lng-HDO110043,Agency,Agency,,Water Leak Confirmed – QUOTE,Water Leak Confirmed – QUOTE,OwnerAttending,,
rps_lng-HDO110043,Agency,Agency,,Potential Water leak,Potential Water leak,WorkOrder,,rps_lng-HDO19003293
rps_lng-HDO110043,Tenancy,Tenancy,rps_lng-RPT191230,Air Conditioning,Air Conditioning,WorkOrder,,rps_lng-HDO19002152
rps_lng-HDO110043,Tenancy,Tenancy,rps_lng-RPT191230,Changeover Heater,Changeover Heater,WorkOrder,,rps_lng-HDO19002152
rps_lng-HDO110043,Tenancy,Tenancy,rps_lng-RPT191230,Heater not working,Heater not working,WorkOrder,,rps_lng-HDO19001847
rps_lng-HDO110043,Tenancy,Tenancy,rps_lng-RPT191230,Blind chain & range hood filter,Blind chain & range hood filter,WorkOrder,,rps_lng-DRE19000036
rps_lng-HDO120044,Agency,Agency,,Install New Screen Door,Install New Screen Door,WorkOrder,,rps_lng-DRE19000036
rps_lng-HDO120044,Agency,Agency,,Gas and Electrical Check,Gas and Electrical Check,WorkOrder,,rps_lng-HDO19001188
rps_lng-HDO120044,Agency,Agency,,back Sliding Door & Shower hinge repair,back Sliding Door & Shower hinge repair,WorkOrder,,rps_lng-DRE19000036
rps_lng-HDO120044,Tenancy,Tenancy,rps_lng-RPT191104,Various maintenance items,Various maintenance items,WorkOrder,,rps_lng-DRE19000036
rps_lng-HDO120056,Agency,Agency,,Gas Safety Check,Gas Safety Check,WorkOrder,,rps_lng-HDO22004027
rps_lng-HDO120056,Agency,Agency,,Combined electrical and gas safety certificates,Combined electrical and gas safety certificates,WorkOrder,,rps_lng-HDO19001188
rps_lng-HDO120064,Agency,Agency,,Electrical safety certificate,Electrical safety certificate,WorkOrder,,rps_lng-HDO19001188
rps_lng-HDO120064,Agency,Agency,,Oven Parts Approved,Oven Parts Approved,WorkOrder,,rps_lng-HDO19001835
rps_lng-HDO120064,Tenancy,Tenancy,rps_lng-RPT190138,Oven not heating,Oven not heating,WorkOrder,,rps_lng-HDO19001835
rps_lng-HDO120067,Agency,Agency,,Gas Safety Check,Gas Safety Check,WorkOrder,,rps_lng-HDO21001573
rps_lng-HDO120067,Agency,Agency,,Gas and Electrical Check,Gas and Electrical Check,WorkOrder,,rps_lng-HDO19001188
rps_lng-HDO120067,Agency,Agency,,Ceiling Repair,Ceiling Repair,WorkOrder,,rps_lng-DRE19000036
rps_lng-HDO120069,Agency,Agency,,Gas Safety Check,Gas Safety Check,Open,,
rps_lng-HDO120069,Agency,Agency,,Gutter Cleaning,Gutter Cleaning,OwnerAttending,,
rps_lng-HDO120069,Agency,Agency,,Ensuite Door Lock,Ensuite Door Lock,WorkOrder,,rps_lng-HDO21001704
rps_lng-HDO120069,Agency,Agency,,Gas and Electrical Check,Gas and Electrical Check,WorkOrder,,rps_lng-HDO19001188
rps_lng-HDO120074,Agency,Agency,,Bathroom Taps - no hot water,Bathroom Taps - no hot water,WorkOrder,,rps_lng-HDO19004396
rps_lng-HDO120074,Agency,Agency,,Gas Safety Check,Gas Safety Check,WorkOrder,,rps_lng-HDO22004027
rps_lng-HDO120074,Agency,Agency,,Gas and Electrical Check,Gas and Electrical Check,Open,,
rps_lng-HDO120074,Agency,Agency,,Hot Water,Hot Water,WorkOrder,,rps_lng-HDO21001573
rps_lng-HDO120074,Agency,Agency,,Bath Tap Spout Repair,Bath Tap Spout Repair,WorkOrder,,rps_lng-HDO19001340
rps_lng-HDO120074,Agency,Agency,,Bathtub Leak & HWS Leak,Bathtub Leak & HWS Leak,WorkOrder,,rps_lng-HDO19001340
rps_lng-HDO120074,Agency,Agency,,Tenants to pay - Drains blocked,Tenants to pay - Drains blocked,WorkOrder,,rps_lng-HDO19001340
rps_lng-HDO120111,Agency,Agency,,Leaking Kitchen Tap Repairs,Leaking Kitchen Tap Repairs,WorkOrder,,rps_lng-HDO19003293
rps_lng-HDO120111,Agency,Agency,,"Gas, Electrical and Smoke Alarms Safety Check","Gas, Electrical and Smoke Alarms Safety Check",WorkOrder,,rps_lng-HDO22002285
rps_lng-HDO120111,Agency,Agency,,Air-Conditioning Service,Air-Conditioning Service,WorkOrder,,rps_lng-DRE19000076
rps_lng-HDO120111,Agency,Agency,,Urgent - No Hot Water,Urgent - No Hot Water,WorkOrder,,rps_lng-HDO19003293
rps_lng-HDO120207,Agency,Agency,,Gas Safety Check,Gas Safety Check,Open,,
rps_lng-HDO120330,Agency,Agency,,Living Room Roller Blind Repair,Living Room Roller Blind Repair,WorkOrder,,rps_lng-HDO22001798
rps_lng-HDO120330,Agency,Agency,,Blind issue and toilet seat cover,Blind issue and toilet seat cover,WorkOrder,,rps_lng-HDO22002507
rps_lng-HDO120330,Agency,Agency,,fan motor,fan motor,WorkOrder,,rps_lng-HDO19001493
rps_lng-HDO120330,Agency,Agency,,Safety Checks + Handyman,Safety Checks + Handyman,WorkOrder,,rps_lng-HDO19001102
rps_lng-HDO120453,Agency,Agency,,Dishwasher Fault,Dishwasher Fault,OwnerAttending,,
rps_lng-HDO130025,Agency,Agency,,Gas and Electrical Check,Gas and Electrical Check,WorkOrder,,rps_lng-HDO19001188
rps_lng-HDO130025,Agency,Agency,,Blind Installation - Deposit,Blind Installation - Deposit,WorkOrder,,rps_lng-HDO23001228
rps_lng-HDO130025,Agency,Agency,,Flyscreens & Security Door Repairs,Flyscreens & Security Door Repairs,WorkOrder,,rps_lng-HDO19002195
rps_lng-HDO130025,Agency,Agency,,Pre Tenancy Clean,Pre Tenancy Clean,WorkOrder,,rps_lng-SAN21000010
rps_lng-HDO130025,Agency,Agency,,Window Repairs,Window Repairs,WorkOrder,,rps_lng-HDO21001704
rps_lng-HDO130049,Agency,Agency,,Gas Safety Check,Gas Safety Check,WorkOrder,,rps_lng-HDO22004027
rps_lng-HDO130049,Agency,Agency,,Gas and Electrical Check,Gas and Electrical Check,WorkOrder,,rps_lng-HDO19001188
rps_lng-HDO130049,Agency,Agency,,Roof Leak Investigation & Repairs,Roof Leak Investigation & Repairs,WorkOrder,,rps_lng-HDO19001147
rps_lng-HDO130049,Agency,Agency,,Bathroom Repairs,Bathroom Repairs,QuoteRequest,rps_lng-CVA21002500,
rps_lng-HDO130049,Agency,Agency,,Shower - Waterproofing,Shower - Waterproofing,WorkOrder,,rps_lng-CVA21001869
rps_lng-HDO130049,Agency,Agency,,Possible water leak,Possible water leak,WorkOrder,,rps_lng-HDO21001573
rps_lng-HDO130078,Agency,Agency,,"Screens doors, window, backyard drainage","Screens doors, window, backyard drainage",OwnerAttending,,
rps_lng-HDO130078,Agency,Agency,,Kitchen Roof Leak Repairs,Kitchen Roof Leak Repairs,WorkOrder,,rps_lng-HDO19001340
rps_lng-HDO130078,Agency,Agency,,Pendant light tripping,Pendant light tripping,WorkOrder,,rps_lng-SAN22000095
rps_lng-HDO130078,Agency,Agency,,Builder Clean,Builder Clean,WorkOrder,,rps_lng-HDO18002118
rps_lng-HDO130078,Agency,Agency,,internal garage door lock and front door lock,internal garage door lock and front door lock,WorkOrder,,rps_lng-DRE19000036
rps_lng-HDO130078,Agency,Agency,,Gas & Elec safety check,Gas & Elec safety check,WorkOrder,,rps_lng-SAN22000095
rps_lng-HDO130078,Tenancy,Tenancy,rps_lng-HDO221196,Garage Door,Garage Door,WorkOrder,,rps_lng-HDO19002005
rps_lng-HDO130248,Agency,Agency,,Lounge room Blind Repair,Lounge room Blind Repair,WorkOrder,,rps_lng-DRE19000036
rps_lng-HDO130248,Agency,Agency,,Light in bathroom and blind,Light in bathroom and blind,WorkOrder,,rps_lng-VAD21000019
rps_lng-HDO130248,Agency,Agency,,Electrical and Gas Safety,Electrical and Gas Safety,WorkOrder,,rps_lng-VAD21000045
rps_lng-HDO140009,Agency,Agency,,Gas and Electrical Check,Gas and Electrical Check,WorkOrder,,rps_lng-HDO19001188
rps_lng-HDO140009,Agency,Agency,,Leaking Dishwasher,Leaking Dishwasher,WorkOrder,,rps_lng-VAD21000019
rps_lng-HDO140009,Tenancy,Tenancy,rps_lng-RPT190209,Attempted break in,Attempted break in,WorkOrder,,rps_lng-DRE19000036
rps_lng-HDO140044,Agency,Agency,,Additional Gas Work,Additional Gas Work,Open,,
rps_lng-HDO140044,Agency,Agency,,Gas Safety Check,Gas Safety Check,WorkOrder,,rps_lng-HDO22004027
rps_lng-HDO140044,Agency,Agency,,Plumbing,Plumbing,WorkOrder,,rps_lng-HDO19003293
rps_lng-HDO140044,Agency,Agency,,Electrical Safety Check,Electrical Safety Check,WorkOrder,,rps_lng-HDO19001188
rps_lng-HDO140044,Agency,Agency,,Tap & Toilet Seat,Tap & Toilet Seat,WorkOrder,,rps_lng-HDO19003293
rps_lng-HDO140044,Agency,Agency,,Lawns to be mowed & edged,Lawns to be mowed & edged,WorkOrder,,rps_lng-WES20000011
rps_lng-HDO140044,Agency,Agency,,Windows not opening,Windows not opening,WorkOrder,,rps_lng-DRE19000036
rps_lng-HDO150004,Agency,Agency,,Oven Inspection / Repairs,Oven Inspection / Repairs,OwnerAttending,,
rps_lng-HDO150004,Agency,Agency,,Gas Safety Check,Gas Safety Check,WorkOrder,,rps_lng-HDO22004027
rps_lng-HDO150004,Agency,Agency,,Gas and Electrical Check,Gas and Electrical Check,WorkOrder,,rps_lng-HDO19001188
rps_lng-HDO150004,Agency,Agency,,Kitchen Tap Repairs,Kitchen Tap Repairs,WorkOrder,,rps_lng-HDO19001147
rps_lng-HDO150004,Agency,Agency,,Door Bell,Door Bell,WorkOrder,,rps_lng-VAD21000019
rps_lng-HDO150004,Agency,Agency,,Tenant electric shock from tap water,Tenant electric shock from tap water,WorkOrder,,rps_lng-HDO19001421
rps_lng-HDO150011,Agency,Agency,,Oven Door Repair,Oven Door Repair,OwnerAttending,,
rps_lng-HDO150017,Agency,Agency,,Gas Safety Check,Gas Safety Check,WorkOrder,,rps_lng-HDO21001573
rps_lng-HDO150017,Agency,Agency,,Gas and Electrical Check,Gas and Electrical Check,WorkOrder,,rps_lng-HDO19001188
rps_lng-HDO150030,Agency,Agency,,Laundry Door,Laundry Door,Open,,
rps_lng-HDO150030,Agency,Agency,,Combined electrical and gas safety certificates,Combined electrical and gas safety certificates,WorkOrder,,rps_lng-HDO19001188
rps_lng-HDO150038,Agency,Agency,,Garage Door Handle,Garage Door Handle,OwnerAttending,,
rps_lng-HDO150038,Agency,Agency,,Electrical and Gas Safety Check,Electrical and Gas Safety Check,WorkOrder,,rps_lng-CVA21004419
rps_lng-HDO150038,Agency,Agency,,Combined electrical and gas safety certificates,Combined electrical and gas safety certificates,QuoteRequest,rps_lng-HDO19001188,
rps_lng-HDO150038,Agency,Agency,,Toilet Repairs,Toilet Repairs,WorkOrder,,rps_lng-HDO19003293
rps_lng-HDO150038,Tenancy,Tenancy,rps_lng-RPT191455,Garage door test,Garage door test,WorkOrder,,rps_lng-DRE21000033
rps_lng-HDO150038,Agency,Agency,,A/C not working,A/C not working,WorkOrder,,rps_lng-WES19000037
rps_lng-HDO150038,Tenancy,Tenancy,rps_lng-RPT191455,Blinds & Fly Screen Repair/Replacement,Blinds & Fly Screen Repair/Replacement,WorkOrder,,rps_lng-DRE19000036
rps_lng-HDO150046,Agency,Agency,,Electrical and Gas Safety,Electrical and Gas Safety,WorkOrder,,rps_lng-HDO19001188
rps_lng-HDO150053,Agency,Agency,,Gas Safety Check,Gas Safety Check,Open,,
rps_lng-HDO150053,Agency,Agency,,Oven Door Handle,Oven Door Handle,OwnerAttending,,
rps_lng-HDO150053,Agency,Agency,,Gas and Electrical Check,Gas and Electrical Check,Open,,
rps_lng-HDO150053,Agency,Agency,,Supply and Install Rinnai B26 Hot Water Service,Supply and Install Rinnai B26 Hot Water Service,WorkOrder,,rps_lng-SAN21000109
rps_lng-HDO150053,Agency,Agency,,HWS - leaking on top of roof,HWS - leaking on top of roof,WorkOrder,,rps_lng-HDO16002429
rps_lng-HDO150063,Agency,Agency,,No Hot Water,No Hot Water,OwnerAttending,,
rps_lng-HDO150063,Agency,Agency,,Urgent Heating Repair,Urgent Heating Repair,OwnerAttending,,
rps_lng-HDO150063,Agency,Agency,,Combined electrical and gas safety certificates,Combined electrical and gas safety certificates,WorkOrder,,rps_lng-HDO19001188
rps_lng-HDO150063,Agency,Agency,,Oven Error,Oven Error,WorkOrder,,rps_lng-SAN22000095
rps_lng-HDO150122,Agency,Agency,,Install Electric Fireplace & Dishwasher,Install Electric Fireplace & Dishwasher,WorkOrder,,rps_lng-HDO19001439
rps_lng-HDO150122,Agency,Agency,,Repair Bathroom Door Handle,Repair Bathroom Door Handle,WorkOrder,,rps_lng-DRE19000036
rps_lng-HDO150122,Agency,Agency,,Gas Cooktop Replacement,Gas Cooktop Replacement,WorkOrder,,rps_lng-HDO19001147
rps_lng-HDO150122,Agency,Agency,,Antenna Service,Antenna Service,WorkOrder,,rps_lng-HDO23001198
rps_lng-HDO150122,Agency,Agency,,Cooktop Repairs,Cooktop Repairs,WorkOrder,,rps_lng-HDO19001147
rps_lng-HDO150122,Agency,Agency,,Locks changed - post Break In,Locks changed - post Break In,Open,,
rps_lng-HDO150122,Agency,Agency,,Seal back windows - post break in,Seal back windows - post break in,WorkOrder,,rps_lng-DRE19000036
rps_lng-HDO150122,Agency,Agency,,TV Antenna,TV Antenna,WorkOrder,,rps_lng-HDO15002885
rps_lng-HDO150122,Agency,Agency,,Fridge,Fridge,WorkOrder,,rps_lng-HDO21001564
rps_lng-HDO150122,Agency,Agency,,Deadlatch,Deadlatch,WorkOrder,,rps_lng-CVA21002453
rps_lng-HDO150122,Agency,Agency,,Lift,Lift,WorkOrder,,rps_lng-VAD21000062
rps_lng-HDO160004,Agency,Agency,,Gas Safety Check,Gas Safety Check,WorkOrder,,rps_lng-HDO22004027
rps_lng-HDO160004,Agency,Agency,,Gas and Electrical Check,Gas and Electrical Check,WorkOrder,,rps_lng-HDO19001188
rps_lng-HDO160004,Agency,Agency,,Investigate a faulty/leaking sink mixer tap,Investigate a faulty/leaking sink mixer tap,WorkOrder,,rps_lng-HDO19001147
rps_lng-HDO160004,Agency,Agency,,Vent above air con making noise issue,Vent above air con making noise issue,WorkOrder,,rps_lng-COS19000051
rps_lng-HDO160004,Agency,Agency,,Cut key for front deadlock door,Cut key for front deadlock door,WorkOrder,,rps_lng-CHA19000037
rps_lng-HDO160020,Tenancy,Tenancy,rps_lng-RPT190228,no hot water,no hot water,WorkOrder,,rps_lng-HDO19001340
rps_lng-HDO160024,Agency,Agency,,Gas Safety Check,Gas Safety Check,Open,,
rps_lng-HDO160024,Agency,Agency,,Gas and Electrical Check,Gas and Electrical Check,WorkOrder,,rps_lng-HDO19001188
rps_lng-HDO160024,Tenancy,Tenancy,rps_lng-HDO211301,Break In - Damaged Doors,Break In - Damaged Doors,WorkOrder,,rps_lng-VAD21000019
rps_lng-HDO160024,Agency,Agency,,Gardening service,Gardening service,WorkOrder,,rps_lng-HDO19002747
rps_lng-HDO160035,Agency,Agency,,Hot Water Leak Repairs,Hot Water Leak Repairs,WorkOrder,,rps_lng-HDO19001147
rps_lng-HDO160035,Agency,Agency,,Gas Safety Check,Gas Safety Check,WorkOrder,,rps_lng-HDO22004027
rps_lng-HDO160035,Agency,Agency,,Gas & Electrical Checks,Gas & Electrical Checks,WorkOrder,,rps_lng-VAD21000019
rps_lng-HDO160035,Agency,Agency,,Lights,Lights,WorkOrder,,rps_lng-VAD21000019
rps_lng-HDO160048,Agency,Agency,,Gas Safety Check,Gas Safety Check,WorkOrder,,rps_lng-HDO22004027
rps_lng-HDO160048,Agency,Agency,,Gas and Electrical Check,Gas and Electrical Check,WorkOrder,,rps_lng-HDO19001188
rps_lng-HDO160048,Agency,Agency,,No hot water,No hot water,WorkOrder,,rps_lng-HDO21001573
rps_lng-HDO160048,Tenancy,Tenancy,rps_lng-RPT191372,Heater not working - needs service,Heater not working - needs service,WorkOrder,,rps_lng-HDO19001847
rps_lng-HDO160048,Agency,Agency,,Shower leaking into hall - quote,Shower leaking into hall - quote,WorkOrder,,rps_lng-CVA21002500
rps_lng-HDO170001,Agency,Agency,,Toilet quote approved,Toilet quote approved,Open,,
rps_lng-HDO170001,Agency,Agency,,Toilet Leak / Gas Compliance,Toilet Leak / Gas Compliance,WorkOrder,,rps_lng-CVA21002238
rps_lng-HDO170001,Agency,Agency,,Gas safety certificate,Gas safety certificate,WorkOrder,,rps_lng-HDO19001188
rps_lng-HDO170004,Agency,Agency,,Dishwasher Repairs,Dishwasher Repairs,WorkOrder,,rps_lng-HDO19001147
rps_lng-HDO170008,Agency,Agency,,Electrical Safety Check,Electrical Safety Check,WorkOrder,,rps_lng-SAN22000095
rps_lng-HDO170020,Agency,Agency,,Gas Safety Check,Gas Safety Check,Open,,
rps_lng-HDO170020,Agency,Agency,,Gas and Electrical Check,Gas and Electrical Check,Open,,
rps_lng-HDO170020,Agency,Agency,,Loose Taps,Loose Taps,OwnerAttending,,
rps_lng-HDO170020,Tenancy,Tenancy,rps_lng-RPT191113,Front door doesn't lock,Front door doesn't lock,WorkOrder,,rps_lng-HDO19001169
rps_lng-HDO170028,Agency,Agency,,Rangehood,Rangehood,WorkOrder,,rps_lng-SAN22000095
rps_lng-HDO170028,Agency,Agency,,Gas Safety Check,Gas Safety Check,Open,,
rps_lng-HDO170073,Agency,Agency,,Toilet Repair,Toilet Repair,WorkOrder,,rps_lng-CVA21001869
rps_lng-HDO170073,Agency,Agency,,Cooktop Leak Repair,Cooktop Leak Repair,WorkOrder,,rps_lng-HDO19001147
rps_lng-HDO170073,Agency,Agency,,Combined electrical and gas safety certificates,Combined electrical and gas safety certificates,WorkOrder,,rps_lng-HDO19001188
rps_lng-HDO170073,Agency,Agency,,Loose Tap,Loose Tap,WorkOrder,,rps_lng-CVA21001869
rps_lng-HDO170073,Agency,Agency,,Light switch,Light switch,WorkOrder,,rps_lng-SAN22000095
rps_lng-HDO170073,Agency,Agency,,Rangehood,Rangehood,WorkOrder,,rps_lng-SAN22000095
rps_lng-HDO170074,Agency,Agency,,Water Leak,Water Leak,WorkOrder,,rps_lng-HDO19001147
rps_lng-HDO170074,Agency,Agency,,Gas Safety Check,Gas Safety Check,WorkOrder,,rps_lng-HDO21001573
rps_lng-HDO170074,Agency,Agency,,Combined electrical and gas safety certificates,Combined electrical and gas safety certificates,WorkOrder,,rps_lng-HDO19001188
rps_lng-HDO170074,Agency,Agency,,Dishwasher,Dishwasher,WorkOrder,,rps_lng-HDO19001439
rps_lng-HDO170231,Agency,Agency,,Gas Safety Check,Gas Safety Check,Open,,
rps_lng-HDO170231,Agency,Agency,,Gas and Electrical Check,Gas and Electrical Check,WorkOrder,,rps_lng-HDO19001188
rps_lng-HDO170235,Agency,Agency,,Gas Safety Check,Gas Safety Check,WorkOrder,,rps_lng-HDO21001573
rps_lng-HDO170235,Agency,Agency,,Gas and Electrical Check,Gas and Electrical Check,Open,,
rps_lng-HDO170235,Agency,Agency,,Apartment Door difficult to open and close,Apartment Door difficult to open and close,WorkOrder,,rps_lng-HDO21001704
rps_lng-HDO170235,Tenancy,Tenancy,rps_lng-HDO200022,LED lights,LED lights,WorkOrder,,rps_lng-HDO18002075
rps_lng-HDO180001,Agency,Agency,,Gas and Electrical Check,Gas and Electrical Check,WorkOrder,,rps_lng-HDO19001188
rps_lng-HDO180001,Agency,Agency,,general,general,WorkOrder,,rps_lng-JAM20000086
rps_lng-HDO180003,Agency,Agency,,Key Change,Key Change,WorkOrder,,rps_lng-CHA19000037
rps_lng-HDO180012,Agency,Agency,,Oven Repairs,Oven Repairs,WorkOrder,,rps_lng-HDO08001895
rps_lng-HDO180012,Agency,Agency,,Ensuite Shower Tap Repairs,Ensuite Shower Tap Repairs,WorkOrder,,rps_lng-HDO19003293
rps_lng-HDO180012,Agency,Agency,,Garage Door,Garage Door,WorkOrder,,rps_lng-HDO22001674
rps_lng-HDO180012,Agency,Agency,,Gas and Electric Checks,Gas and Electric Checks,WorkOrder,,rps_lng-VAD21000019
rps_lng-HDO180028,Agency,Agency,,Gas Safety Check,Gas Safety Check,Open,,
rps_lng-HDO180028,Agency,Agency,,Gas and Electrical Check,Gas and Electrical Check,WorkOrder,,rps_lng-HDO19001188
rps_lng-HDO180030,Agency,Agency,,Gas Safety Check,Gas Safety Check,WorkOrder,,rps_lng-HDO22004027
rps_lng-HDO180030,Agency,Agency,,Laundry Door,Laundry Door,WorkOrder,,rps_lng-DRE19000036
rps_lng-HDO180055,Agency,Agency,,Combined electrical and gas safety certificates,Combined electrical and gas safety certificates,WorkOrder,,rps_lng-HDO19001188
rps_lng-HDO180055,Agency,Agency,,Handyman works,Handyman works,WorkOrder,,rps_lng-VAD21000019
rps_lng-HDO180055,Agency,Agency,,AC replacement,AC replacement,WorkOrder,,rps_lng-JAM22000013
rps_lng-HDO180055,Agency,Agency,,Air Conditioner Fault,Air Conditioner Fault,WorkOrder,,rps_lng-HDO20001930
rps_lng-HDO180055,Agency,Agency,,possible water leak/downpipe issue,possible water leak/downpipe issue,WorkOrder,,rps_lng-HDO19004377
rps_lng-HDO180055,Agency,Agency,,AC Services,AC Services,WorkOrder,,rps_lng-HDO19001493
rps_lng-HDO180135,Agency,Agency,,Gas Safety Check,Gas Safety Check,WorkOrder,,rps_lng-HDO21001573
rps_lng-HDO180135,Agency,Agency,,Gas and Electrical Check,Gas and Electrical Check,WorkOrder,,rps_lng-HDO19001188
rps_lng-HDO190007,Agency,Agency,,Gas Safety Check,Gas Safety Check,Open,,
rps_lng-HDO190007,Agency,Agency,,Gas and Electrical Check,Gas and Electrical Check,WorkOrder,,rps_lng-HDO19001188
rps_lng-HDO190007,Agency,Agency,,Front Door Handle,Front Door Handle,WorkOrder,,rps_lng-HDO18002052
rps_lng-HDO190007,Agency,Agency,,Front Door Handle,Front Door Handle,WorkOrder,,rps_lng-HDO19001078
rps_lng-HDO190007,Agency,Agency,,Power Point,Power Point,WorkOrder,,rps_lng-SAN22000095
rps_lng-HDO190063,Agency,Agency,,Gas Safety Check,Gas Safety Check,WorkOrder,,rps_lng-HDO22004027
rps_lng-HDO190063,Agency,Agency,,Various Maintenance,Various Maintenance,Open,,
rps_lng-HDO190063,Agency,Agency,,Gas and Electrical Check,Gas and Electrical Check,WorkOrder,,rps_lng-HDO19001188
rps_lng-HDO190063,Agency,Agency,,Roof Inspection Report,Roof Inspection Report,WorkOrder,,rps_lng-HDO22004214
rps_lng-HDO190063,Agency,Agency,,Air Conditioner,Air Conditioner,WorkOrder,,rps_lng-SAN22000095
rps_lng-HDO190063,Agency,Agency,,Water Leak and Roof Gutter Repairs,Water Leak and Roof Gutter Repairs,WorkOrder,,rps_lng-SAN21000079
rps_lng-HDO190063,Agency,Agency,,Broken flick mixer,Broken flick mixer,WorkOrder,,rps_lng-CVA21001869
rps_lng-HDO190063,Agency,Agency,,Tiles on front pillars,Tiles on front pillars,WorkOrder,,rps_lng-DRE19000036
rps_lng-HDO190063,Tenancy,Tenancy,rps_lng-HDO190387,Diamond Security Door,Diamond Security Door,WorkOrder,,rps_lng-HDO08001910
rps_lng-HDO190063,Tenancy,Tenancy,rps_lng-HDO190387,Broken Bind in lounge,Broken Bind in lounge,WorkOrder,,rps_lng-HDO08001910
rps_lng-HDO190063,Agency,Agency,,Rectify garage flooding,Rectify garage flooding,WorkOrder,,rps_lng-HDO19003293
rps_lng-HDO190063,Agency,Agency,,Further garage flooding,Further garage flooding,WorkOrder,,rps_lng-HDO19003293
rps_lng-HDO190063,Agency,Agency,,Lounge room split sys,Lounge room split sys,WorkOrder,,rps_lng-HDO20001123
rps_lng-HDO190063,Agency,Agency,,Garage Flooding,Garage Flooding,WorkOrder,,rps_lng-HDO19003293
rps_lng-HDO190063,Agency,Agency,,General Maintenance & Rectification,General Maintenance & Rectification,WorkOrder,,rps_lng-DRE19000036
rps_lng-HDO190063,Agency,Agency,,Rekey/Barrel,Rekey/Barrel,WorkOrder,,rps_lng-HDO19004505
rps_lng-HDO190063,Agency,Agency,,Gerenal Maintenance & Investigation,Gerenal Maintenance & Investigation,WorkOrder,,rps_lng-HDO19004359
rps_lng-HDO190063,Agency,Agency,,A/C Leak repair,A/C Leak repair,WorkOrder,,rps_lng-HDO19001873
rps_lng-HDO190066,Tenancy,Tenancy,rps_lng-HDO211616,"Safety Check, Toilet Seat, Door Handle, Loose Tile","Safety Check, Toilet Seat, Door Handle, Loose Tile",WorkOrder,,rps_lng-VAD21000019
rps_lng-HDO190067,Agency,Agency,,Additional Gas Work,Additional Gas Work,Open,,
rps_lng-HDO190067,Agency,Agency,,Gas Safety Check,Gas Safety Check,WorkOrder,,rps_lng-HDO22004027
rps_lng-HDO190067,Agency,Agency,,Blocked Toilet,Blocked Toilet,WorkOrder,,rps_lng-HDO19003293
rps_lng-HDO190067,Agency,Agency,,Lounge room blinds,Lounge room blinds,WorkOrder,,rps_lng-DRE19000036
rps_lng-HDO190070,Agency,Agency,,Plumbing Repairs,Plumbing Repairs,WorkOrder,,rps_lng-HDO19001147
rps_lng-HDO190070,Agency,Agency,,Carpet Cleaning,Carpet Cleaning,WorkOrder,,rps_lng-HDO18002118
rps_lng-HDO190075,Agency,Agency,,Ducted Heater Installation,Ducted Heater Installation,WorkOrder,,rps_lng-HDO22004027
rps_lng-HDO190075,Agency,Agency,,Ducted Heating Service,Ducted Heating Service,WorkOrder,,rps_lng-DRE19000076
rps_lng-HDO190075,Agency,Agency,,Gas Safety Check,Gas Safety Check,WorkOrder,,rps_lng-HDO22004027
rps_lng-HDO190075,Agency,Agency,,Gas & Electrical Compliance,Gas & Electrical Compliance,WorkOrder,,rps_lng-VAD21000019
rps_lng-HDO190076,Agency,Agency,,Exhaust Fan Replacement,Exhaust Fan Replacement,WorkOrder,,rps_lng-SAN22000095
rps_lng-HDO190076,Agency,Agency,,Rangehood Replacement,Rangehood Replacement,WorkOrder,,rps_lng-SAN22000095
rps_lng-HDO190091,Agency,Agency,,Gas Safety Check,Gas Safety Check,Open,,
rps_lng-HDO190091,Agency,Agency,,Gas and Electrical Check,Gas and Electrical Check,WorkOrder,,rps_lng-HDO19001188
rps_lng-HDO190115,Agency,Agency,,Dent to Garage wall,Dent to Garage wall,WorkOrder,,rps_lng-HDO21001704
rps_lng-HDO190122,Agency,Agency,,Oven Issue,Oven Issue,OwnerAttending,,
rps_lng-HDO190122,Agency,Agency,,Combined electrical and gas safety certificates,Combined electrical and gas safety certificates,WorkOrder,,rps_lng-HDO19001188
rps_lng-HDO190122,Tenancy,Tenancy,rps_lng-RPT191227,Bathroom tap snapped off,Bathroom tap snapped off,WorkOrder,,rps_lng-CVA21001869
rps_lng-HDO190122,Agency,Agency,,Garden Works - QUOTE,Garden Works - QUOTE,WorkOrder,,rps_lng-HDO19002941
rps_lng-HDO190122,Agency,Agency,,Further heating issue,Further heating issue,WorkOrder,,rps_lng-HDO19001493
rps_lng-HDO190122,Agency,Agency,,Heating stopped working,Heating stopped working,WorkOrder,,rps_lng-HDO19001493
rps_lng-HDO190126,Agency,Agency,,Gas and Electrical Check,Gas and Electrical Check,WorkOrder,,rps_lng-HDO19001188
rps_lng-HDO190126,Agency,Agency,,No Hot Water,No Hot Water,WorkOrder,,rps_lng-HDO19004377
rps_lng-HDO190126,Owner,Owner,,Fence leaning,Fence leaning,WorkOrder,,rps_lng-DRE19000036
rps_lng-HDO190133,Agency,Agency,,Gas Safety Check,Gas Safety Check,Open,,
rps_lng-HDO190133,Agency,Agency,,Gas and Electrical Check,Gas and Electrical Check,WorkOrder,,rps_lng-HDO19001188
rps_lng-HDO190134,Agency,Agency,,Gas Safety Check,Gas Safety Check,Open,,
rps_lng-HDO190134,Agency,Agency,,Electrical Safety Check,Electrical Safety Check,WorkOrder,,rps_lng-HDO19001188
rps_lng-HDO190140,Agency,Agency,,Oven Door Repair,Oven Door Repair,WorkOrder,,rps_lng-HDO08001895
rps_lng-HDO190140,Agency,Agency,,Ensuite Tap,Ensuite Tap,WorkOrder,,rps_lng-HDO19001147
rps_lng-HDO190140,Agency,Agency,,Combined electrical and gas safety certificates,Combined electrical and gas safety certificates,WorkOrder,,rps_lng-HDO19001188
rps_lng-HDO190140,Agency,Agency,,Oven repairs,Oven repairs,WorkOrder,,rps_lng-HDO19001583
rps_lng-HDO190140,Agency,Agency,,Cook Top Repairs,Cook Top Repairs,WorkOrder,,rps_lng-HDO19001147
rps_lng-HDO190140,Agency,Agency,,Stove top/shower handle/kitchen handle,Stove top/shower handle/kitchen handle,WorkOrder,,rps_lng-DRE19000036
rps_lng-HDO190172,Agency,Agency,,Heating Not Working,Heating Not Working,OwnerAttending,,
rps_lng-HDO190172,Agency,Agency,,Gardening Quote,Gardening Quote,OwnerAttending,,
rps_lng-HDO190172,Agency,Agency,,General maintenance,General maintenance,OwnerAttending,,
rps_lng-HDO190173,Agency,Agency,,Electrical Safety Check,Electrical Safety Check,Open,,
rps_lng-HDO190173,Agency,Agency,,Gas Safety Check,Gas Safety Check,WorkOrder,,rps_lng-HDO22004027
rps_lng-HDO190173,Agency,Agency,,Rubbish Removal,Rubbish Removal,WorkOrder,,rps_lng-HDO23002113
rps_lng-HDO190174,Agency,Agency,,Gas Safety Check,Gas Safety Check,WorkOrder,,rps_lng-HDO22004027
rps_lng-HDO190174,Agency,Agency,,Gas and Electrical Check,Gas and Electrical Check,Open,,
rps_lng-HDO190174,Agency,Agency,,Main bathroom shower leaking,Main bathroom shower leaking,WorkOrder,,rps_lng-HDO23000336
rps_lng-HDO190174,Agency,Agency,,Fencing works,Fencing works,WorkOrder,,rps_lng-HDO19001429
rps_lng-HDO190174,Tenancy,Tenancy,rps_lng-HDO200846,Kitchen tap is loose,Kitchen tap is loose,WorkOrder,,rps_lng-CVA21001869
rps_lng-HDO190174,Agency,Agency,,Few lights not working,Few lights not working,WorkOrder,,rps_lng-CVA21002484
rps_lng-HDO190174,Tenancy,Tenancy,rps_lng-HDO200846,Water through door & garage door,Water through door & garage door,WorkOrder,,rps_lng-DRE19000036
rps_lng-HDO190174,Tenancy,Tenancy,rps_lng-HDO200846,Side gate/globes/back door,Side gate/globes/back door,WorkOrder,,rps_lng-DRE19000036
rps_lng-HDO190184,Agency,Agency,,Gas Safety Check,Gas Safety Check,WorkOrder,,rps_lng-HDO22004027
rps_lng-HDO190184,Agency,Agency,, Combined electrical and gas safety certificates, Combined electrical and gas safety certificates,WorkOrder,,rps_lng-HDO19001188
rps_lng-HDO190184,Agency,Agency,,Garage Remotes,Garage Remotes,WorkOrder,,rps_lng-HDO19002205
rps_lng-HDO190201,Agency,Agency,,Additional Gas Work,Additional Gas Work,Open,,
rps_lng-HDO190201,Agency,Agency,,Gas Safety Check,Gas Safety Check,WorkOrder,,rps_lng-HDO22004027
rps_lng-HDO190201,Agency,Agency,,Window Locks,Window Locks,OwnerAttending,,
rps_lng-HDO190201,Agency,Agency,,Electrical Work,Electrical Work,WorkOrder,,rps_lng-SAN22000095
rps_lng-HDO190201,Agency,Agency,,Replace Shower Head,Replace Shower Head,WorkOrder,,rps_lng-HDO21001704
rps_lng-HDO190201,Agency,Agency,,Gas and Electrical Check,Gas and Electrical Check,WorkOrder,,rps_lng-HDO19001188
rps_lng-HDO190201,Agency,Agency,,Pest Spray,Pest Spray,WorkOrder,,rps_lng-HDO19002137
rps_lng-HDO190201,Agency,Agency,,Laundry Door Step Quote,Laundry Door Step Quote,WorkOrder,,rps_lng-DRE19000036
rps_lng-HDO190201,Agency,Agency,,Oven Repairs,Oven Repairs,WorkOrder,,rps_lng-HDO19001893
rps_lng-HDO190201,Agency,Agency,,Fence Paling Posts & Capping,Fence Paling Posts & Capping,WorkOrder,,rps_lng-HDO20002016
rps_lng-HDO190201,Agency,Agency,,Side fence leaning,Side fence leaning,WorkOrder,,rps_lng-HDO20002016
rps_lng-HDO190201,Agency,Agency,,solar panel leaking,solar panel leaking,WorkOrder,,rps_lng-HDO19004377
rps_lng-HDO190201,Agency,Agency,,broken laundry tap,broken laundry tap,WorkOrder,,rps_lng-HDO19004377
rps_lng-HDO190201,Agency,Agency,,"mixer tap, toilet, seat, roof tiles","mixer tap, toilet, seat, roof tiles",WorkOrder,,rps_lng-HDO19001340
rps_lng-HDO190201,Agency,Agency,,Dishwasher repair,Dishwasher repair,WorkOrder,,rps_lng-HDO19001835
rps_lng-HDO190201,Agency,Agency,,Oven Repair,Oven Repair,WorkOrder,,rps_lng-HDO19001421
rps_lng-HDO190201,Tenancy,Tenancy,rps_lng-RPT190732,Dishwasher error code,Dishwasher error code,WorkOrder,,rps_lng-HDO19001835
rps_lng-HDO190208,Agency,Agency,,Gas Safety Check,Gas Safety Check,WorkOrder,,rps_lng-HDO21001573
rps_lng-HDO190208,Agency,Agency,,Gas and Electrical Check,Gas and Electrical Check,WorkOrder,,rps_lng-HDO19001188
rps_lng-HDO190208,Agency,Agency,,Door Lock Repair,Door Lock Repair,WorkOrder,,rps_lng-CHA19000037
rps_lng-HDO190208,Agency,Agency,,Kitchen Tap Snapped,Kitchen Tap Snapped,WorkOrder,,rps_lng-HDO19004377
rps_lng-HDO190208,Tenancy,Tenancy,rps_lng-JAM200015,Bathroom power point,Bathroom power point,WorkOrder,,rps_lng-HDO18002075
rps_lng-HDO190214,Agency,Agency,,Gas Safety Check,Gas Safety Check,WorkOrder,,rps_lng-HDO22004027
rps_lng-HDO190214,Agency,Agency,,Gas and Electrical Check,Gas and Electrical Check,Open,,
rps_lng-HDO190214,Agency,Agency,,Burst Pipe Investigation,Burst Pipe Investigation,WorkOrder,,rps_lng-HDO19001147
rps_lng-HDO190214,Agency,Agency,,A/C Service,A/C Service,WorkOrder,,rps_lng-DRE19000076
rps_lng-HDO190214,Tenancy,Tenancy,rps_lng-HDO190423,Back Bedroom Screen,Back Bedroom Screen,WorkOrder,,rps_lng-DRE19000036
rps_lng-HDO190214,Agency,Agency,,Shattered Glass Door,Shattered Glass Door,WorkOrder,,rps_lng-HDO19001746
rps_lng-HDO190214,Agency,Agency,,Frosted Glass Film,Frosted Glass Film,WorkOrder,,rps_lng-VAD21000019
rps_lng-HDO190214,Agency,Agency,,nstallation of Euro Oven EO60MSX - remaining 50%,nstallation of Euro Oven EO60MSX - remaining 50%,WorkOrder,,rps_lng-HDO19003549
rps_lng-HDO190214,Tenancy,Tenancy,rps_lng-HDO190423,heating and cooling servicing,heating and cooling servicing,WorkOrder,,rps_lng-COS19000051
rps_lng-HDO190214,Tenancy,Tenancy,rps_lng-HDO190423,Oven not working properly,Oven not working properly,WorkOrder,,rps_lng-HDO19003549
rps_lng-HDO190214,Tenancy,Tenancy,rps_lng-HDO190423,Oven not heating up,Oven not heating up,WorkOrder,,rps_lng-JAM20000137
rps_lng-HDO190214,Agency,Agency,,Overflowing water in toilet,Overflowing water in toilet,WorkOrder,,rps_lng-HDO19003293
rps_lng-HDO190214,Agency,Agency,,Garden tidy up-,Garden tidy up-,WorkOrder,,rps_lng-WES19000023
rps_lng-HDO190214,Agency,Agency,,Attach door,Attach door,WorkOrder,,rps_lng-HDO19001281
rps_lng-HDO190229,Agency,Agency,,Gas Safety Check,Gas Safety Check,Open,,
rps_lng-HDO190229,Agency,Agency,,Gas and Electrical Check,Gas and Electrical Check,Open,,
rps_lng-HDO190265,Agency,Agency,,Electrical and Gas Safety,Electrical and Gas Safety,WorkOrder,,rps_lng-VAD21000019
rps_lng-HDO190289,Agency,Agency,,Gas Safety Check,Gas Safety Check,WorkOrder,,rps_lng-HDO21001573
rps_lng-HDO190289,Agency,Agency,,Gas and Electrical Check,Gas and Electrical Check,WorkOrder,,rps_lng-HDO19001188
rps_lng-HDO190289,Agency,Agency,,Install New Clothesline Chord,Install New Clothesline Chord,WorkOrder,,rps_lng-DRE19000036
rps_lng-HDO190289,Agency,Agency,,Inspect Front Door Lock,Inspect Front Door Lock,WorkOrder,,rps_lng-DRE19000036
rps_lng-HDO190289,Agency,Agency,,Front door lock,Front door lock,WorkOrder,,rps_lng-DRE19000036
rps_lng-HDO190289,Agency,Agency,,Lighting Issues,Lighting Issues,WorkOrder,,rps_lng-VAD21000019
rps_lng-HDO190289,Agency,Agency,,Blind Change Repairs,Blind Change Repairs,WorkOrder,,rps_lng-DRE19000036
rps_lng-HDO190289,Tenancy,Tenancy,rps_lng-RPT191548,Gutters need cleaning & leak in garage,Gutters need cleaning & leak in garage,WorkOrder,,rps_lng-CVA21002539
rps_lng-HDO190289,Tenancy,Tenancy,rps_lng-RPT191548,Replacement of A/C,Replacement of A/C,WorkOrder,,rps_lng-HDO19001873
rps_lng-HDO190289,Agency,Agency,,Blind repair,Blind repair,WorkOrder,,rps_lng-DRE19000036
rps_lng-HDO190289,Tenancy,Tenancy,rps_lng-RPT191548,Leaking shower head,Leaking shower head,WorkOrder,,rps_lng-HDO19004177
rps_lng-HDO190320,Agency,Agency,,Gas Safety Check,Gas Safety Check,WorkOrder,,rps_lng-HDO22004027
rps_lng-HDO190320,Agency,Agency,,Electrical Safety Check,Electrical Safety Check,WorkOrder,,rps_lng-HDO19001188
rps_lng-HDO190321,Tenancy,Tenancy,rps_lng-HDO210100,Front Door Lock,Front Door Lock,WorkOrder,,rps_lng-CVA21002453
rps_lng-HDO190321,Agency,Agency,,Sliding Door Repairs,Sliding Door Repairs,WorkOrder,,rps_lng-VAD21000019
rps_lng-HDO190321,Agency,Agency,,Electrical & Gas Safety Check+Balcony Door Handle,Electrical & Gas Safety Check+Balcony Door Handle,WorkOrder,,rps_lng-VAD21000019
rps_lng-HDO190329,Agency,Agency,,Gas Safety Check,Gas Safety Check,WorkOrder,,rps_lng-HDO22004027
rps_lng-HDO190398,Agency,Agency,,Order 1 Key & 1 Fob - Paid via CC,Order 1 Key & 1 Fob - Paid via CC,WorkOrder,,rps_lng-HDO19001202
rps_lng-HDO190398,Agency,Agency,,Full Service,Full Service,WorkOrder,,rps_lng-CVA21004419
rps_lng-HDO190398,Agency,Agency,,Combined electrical and gas safety certificates,Combined electrical and gas safety certificates,WorkOrder,,rps_lng-HDO19001188
rps_lng-HDO190398,Agency,Agency,,Keys,Keys,WorkOrder,,rps_lng-HDO19001344
rps_lng-HDO190507,Agency,Agency,,Dishwasher Repair,Dishwasher Repair,OwnerAttending,,
rps_lng-HDO190507,Agency,Agency,,Bedroom Window Winder,Bedroom Window Winder,OwnerAttending,,
rps_lng-HDO190507,Agency,Agency,,Various Items - Quote,Various Items - Quote,WorkOrder,,rps_lng-VAD21000019
rps_lng-HDO190510,Agency,Agency,,Electrical Safety Check,Electrical Safety Check,Open,,
rps_lng-HDO190510,Agency,Agency,,Gas Safety Check,Gas Safety Check,Open,,
rps_lng-HDO190510,Agency,Agency,,Electrcial,Electrcial,WorkOrder,,rps_lng-CVA21002265
rps_lng-HDO190510,Agency,Agency,,Gas burner not staying alight,Gas burner not staying alight,WorkOrder,,rps_lng-HDO19001439
rps_lng-HDO190511,Agency,Agency,,Electrical Safety Check,Electrical Safety Check,Open,,
rps_lng-HDO190529,Agency,Agency,,Install Exhaust Fan,Install Exhaust Fan,WorkOrder,,rps_lng-SAN22000095
rps_lng-HDO190529,Tenancy,Tenancy,rps_lng-HDO200768,Kitchen cuttlery draw has fallen apartment,Kitchen cuttlery draw has fallen apartment,WorkOrder,,rps_lng-VAD21000019
rps_lng-HDO190539,Agency,Agency,,No Hot Water Investigation,No Hot Water Investigation,WorkOrder,,rps_lng-HDO19001147
rps_lng-HDO190539,Agency,Agency,,Electrical Safety Check,Electrical Safety Check,WorkOrder,,rps_lng-HDO19001188
rps_lng-HDO190539,Agency,Agency,,Hanging Bracker of cupboards,Hanging Bracker of cupboards,WorkOrder,,rps_lng-HDO21001704
rps_lng-HDO190539,Tenancy,Tenancy,rps_lng-HDO200956,Bathroom exhaust fan and door handle,Bathroom exhaust fan and door handle,WorkOrder,,rps_lng-VAD21000019
rps_lng-HDO190540,Agency,Agency,,Electrical Safety Check,Electrical Safety Check,Open,,
rps_lng-HDO190540,Agency,Agency,,Gas Safety Check,Gas Safety Check,Open,,
rps_lng-HDO190542,Agency,Agency,,Order Vintec 35 Bottle Zone Wine Cabinet - Paid vi,Order Vintec 35 Bottle Zone Wine Cabinet - Paid vi,WorkOrder,,rps_lng-HDO19001202
rps_lng-HDO190542,Agency,Agency,,Wine Fridge Repairs,Wine Fridge Repairs,WorkOrder,,rps_lng-HDO19001782
rps_lng-HDO190542,Agency,Agency,,Attended to service call - motor capacitors faulty,Attended to service call - motor capacitors faulty,WorkOrder,,rps_lng-HDO19004791
rps_lng-HDO190542,Agency,Agency,,Oven repair 50% balance,Oven repair 50% balance,WorkOrder,,rps_lng-HDO19003549
rps_lng-HDO190542,Agency,Agency,,Oven repair 50% deposit,Oven repair 50% deposit,WorkOrder,,rps_lng-HDO19003549
rps_lng-HDO190542,Agency,Agency,,Mattress,Mattress,WorkOrder,,rps_lng-SAN21000143
rps_lng-HDO190542,Agency,Agency,,3 Seater Sofas,3 Seater Sofas,WorkOrder,,rps_lng-SAN21000143
rps_lng-HDO190542,Tenancy,Tenancy,rps_lng-SAN210008,Toilet Repairs,Toilet Repairs,WorkOrder,,rps_lng-VAD21000019
rps_lng-HDO190542,Tenancy,Tenancy,rps_lng-SAN210008,Dryer Repairs,Dryer Repairs,WorkOrder,,rps_lng-HDO19003549
rps_lng-HDO190542,Agency,Agency,,Oven Repair - remaining 50%,Oven Repair - remaining 50%,WorkOrder,,rps_lng-HDO08001895
rps_lng-HDO190542,Agency,Agency,,Plumbing works,Plumbing works,WorkOrder,,rps_lng-VAD21000019
rps_lng-HDO190542,Agency,Agency,,Carpet Shampoo & Steam Clean,Carpet Shampoo & Steam Clean,WorkOrder,,rps_lng-SAN21000073
rps_lng-HDO190542,Agency,Agency,,Safety Checks and other works,Safety Checks and other works,WorkOrder,,rps_lng-VAD21000019
rps_lng-HDO190542,Agency,Agency,,Oven is nt working,Oven is nt working,WorkOrder,,rps_lng-HDO19003549
rps_lng-HDO190548,Agency,Agency,,Combined electrical and gas safety certificates,Combined electrical and gas safety certificates,WorkOrder,,rps_lng-HDO19001188
rps_lng-HDO190552,Agency,Agency,,Electrical Safety Check,Electrical Safety Check,WorkOrder,,rps_lng-DRE22000009
rps_lng-HDO190552,Agency,Agency,,Gas Safety Check,Gas Safety Check,WorkOrder,,rps_lng-HDO22004027
rps_lng-HDO190581,Agency,Agency,,Plumbing Maintenance,Plumbing Maintenance,WorkOrder,,rps_lng-HDO13000942
rps_lng-HDO190581,Agency,Agency,,General Maintenance,General Maintenance,WorkOrder,,rps_lng-DRE19000036
rps_lng-HDO190581,Agency,Agency,,Balcony Glass,Balcony Glass,WorkOrder,,rps_lng-CVA21001800
rps_lng-HDO190587,Agency,Agency,,Water Leak,Water Leak,WorkOrder,,rps_lng-HDO19001147
rps_lng-HDO190587,Agency,Agency,,Possible carpet moth,Possible carpet moth,WorkOrder,,rps_lng-HDO20000501
rps_lng-HDO190592,Agency,Agency,,Dishwasher Repairs,Dishwasher Repairs,WorkOrder,,rps_lng-HDO19002668
rps_lng-HDO190592,Agency,Agency,,Gas Safety Check,Gas Safety Check,Open,,
rps_lng-HDO190592,Agency,Agency,,Gas and Electrical Check,Gas and Electrical Check,WorkOrder,,rps_lng-HDO19001188
rps_lng-HDO190592,Agency,Agency,,Re-plaster & Paint Ceiling,Re-plaster & Paint Ceiling,WorkOrder,,rps_lng-HDO21001704
rps_lng-HDO190592,Agency,Agency,,Rangehood Replacement,Rangehood Replacement,WorkOrder,,rps_lng-HDO22002894
rps_lng-HDO190608,Agency,Agency,,Wall Light Replacement,Wall Light Replacement,WorkOrder,,rps_lng-SAN22000095
rps_lng-HDO190608,Agency,Agency,,Balcony Door & Tiles - Balance,Balcony Door & Tiles - Balance,WorkOrder,,rps_lng-HDO21001981
rps_lng-HDO190608,Agency,Agency,,Balcony Door & Tiles - Deposit Only,Balcony Door & Tiles - Deposit Only,WorkOrder,,rps_lng-HDO21001981
rps_lng-HDO190628,Agency,Agency,,Window Winder,Window Winder,WorkOrder,,rps_lng-HDO21001704
rps_lng-HDO190628,Agency,Agency,,Plumbing Repairs,Plumbing Repairs,WorkOrder,,rps_lng-HDO21001573
rps_lng-HDO190628,Agency,Agency,,Toilet and Laundry taps,Toilet and Laundry taps,WorkOrder,,rps_lng-HDO21001573
rps_lng-HDO190630,Agency,Agency,,Dishwasher Repair,Dishwasher Repair,WorkOrder,,rps_lng-HDO19001439
rps_lng-HDO190630,Agency,Agency,,Air con not working,Air con not working,WorkOrder,,rps_lng-DRE19000076
rps_lng-HDO190630,Agency,Agency,,General maintenance,General maintenance,WorkOrder,,rps_lng-VAD21000019
rps_lng-HDO190630,Agency,Agency,,General Maintenance,General Maintenance,WorkOrder,,rps_lng-VAD21000019
rps_lng-HDO190634,Agency,Agency,,Install New Drain Pump to Dishwasher,Install New Drain Pump to Dishwasher,WorkOrder,,rps_lng-HDO21001704
rps_lng-HDO190634,Agency,Agency,,Shower Screen,Shower Screen,WorkOrder,,rps_lng-HDO21001704
rps_lng-HDO190634,Agency,Agency,,Urgent - Ducted heating unit not,Urgent - Ducted heating unit not,WorkOrder,,rps_lng-HDO19001895
rps_lng-HDO190634,Tenancy,Tenancy,rps_lng-HDO191065,Urgent Carpet drying and cleaning,Urgent Carpet drying and cleaning,WorkOrder,,rps_lng-SAN21000010
rps_lng-HDO190634,Agency,Agency,,Heatin/Aircon Unit not workign again,Heatin/Aircon Unit not workign again,WorkOrder,,rps_lng-HDO19001895
rps_lng-HDO190634,Agency,Agency,,URGENT Ducted Heating,URGENT Ducted Heating,WorkOrder,,rps_lng-HDO19001895
rps_lng-HDO190634,Agency,Agency,,Ducted heater not heating,Ducted heater not heating,WorkOrder,,rps_lng-HDO19001895
rps_lng-HDO190634,Tenancy,Tenancy,rps_lng-HDO191065,faultt air con return visit,faultt air con return visit,WorkOrder,,rps_lng-HDO19001895
rps_lng-HDO190634,Agency,Agency,,AMG Airconditioning,AMG Airconditioning,WorkOrder,,rps_lng-HDO19001895
rps_lng-HDO190685,Agency,Agency,,Gas safety certificate,Gas safety certificate,WorkOrder,,rps_lng-HDO19001188
rps_lng-HDO190685,Agency,Agency,,Hot Water System Leak,Hot Water System Leak,WorkOrder,,rps_lng-HDO19001147
rps_lng-HDO190917,Agency,Agency,,Gas Safety Check,Gas Safety Check,WorkOrder,,rps_lng-HDO22004027
rps_lng-HDO190917,Agency,Agency,,Gas and Electrical Check,Gas and Electrical Check,WorkOrder,,rps_lng-HDO19001188
rps_lng-HDO190959,Agency,Agency,,Gas Safety Check,Gas Safety Check,WorkOrder,,rps_lng-HDO22004027
rps_lng-HDO190959,Agency,Agency,,Gas and Electrical Check,Gas and Electrical Check,Open,,
rps_lng-HDO190959,Agency,Agency,,Aircon Repairs,Aircon Repairs,WorkOrder,,rps_lng-DRE19000076
rps_lng-HDO190959,Agency,Agency,,Air Con not working,Air Con not working,WorkOrder,,rps_lng-DRE19000076
rps_lng-HDO190995,Agency,Agency,,Gas Safety Check,Gas Safety Check,WorkOrder,,rps_lng-HDO21001573
rps_lng-HDO190995,Agency,Agency,,Gas and Electrical Check,Gas and Electrical Check,WorkOrder,,rps_lng-HDO19001188
rps_lng-HDO190995,Agency,Agency,,Pest Control,Pest Control,WorkOrder,,rps_lng-HDO19002137
rps_lng-HDO190995,Agency,Agency,,Entry Repairs,Entry Repairs,WorkOrder,,rps_lng-VAD21000019
rps_lng-HDO190995,Agency,Agency,,Change of Locks,Change of Locks,WorkOrder,,rps_lng-HDO18002052
rps_lng-HDO191014,Agency,Agency,,Dishwasher Not Draining,Dishwasher Not Draining,OwnerAttending,,
rps_lng-HDO191014,Agency,Agency,,Front Door,Front Door,OwnerAttending,,
rps_lng-HDO191014,Agency,Agency,,Gas Safety Check,Gas Safety Check,WorkOrder,,rps_lng-HDO22004027
rps_lng-HDO191014,Agency,Agency,,Combined electrical and gas safety certificates,Combined electrical and gas safety certificates,WorkOrder,,rps_lng-HDO19001188
rps_lng-HDO191014,Agency,Agency,,Roof repair and paint internally,Roof repair and paint internally,WorkOrder,,rps_lng-DRE19000036
rps_lng-HDO191014,Tenancy,Tenancy,rps_lng-HDO190944,Investigate Leak,Investigate Leak,WorkOrder,,rps_lng-DRE19000036
rps_lng-HDO191014,Agency,Agency,,Shower hose and laundry sink,Shower hose and laundry sink,WorkOrder,,rps_lng-DRE19000036
rps_lng-HDO191014,Agency,Agency,,Light Covers & kitchen sink leak,Light Covers & kitchen sink leak,WorkOrder,,rps_lng-HDO21001981
rps_lng-HDO191014,Agency,Agency,,Bathroom flooring/dining room ceiling & Skirting,Bathroom flooring/dining room ceiling & Skirting,WorkOrder,,rps_lng-DRE19000036
rps_lng-HDO191014,Tenancy,Tenancy,rps_lng-HDO190944,Dampness in ceiling/damage,Dampness in ceiling/damage,WorkOrder,,rps_lng-DRE19000036
rps_lng-HDO191014,Agency,Agency,,Leak Investigation,Leak Investigation,WorkOrder,,rps_lng-CVA21002238
rps_lng-HDO191014,Agency,Agency,,Dishwasher is not working,Dishwasher is not working,WorkOrder,,rps_lng-HDO19001583
rps_lng-HDO191014,Tenancy,Tenancy,rps_lng-HDO190944,Front Door Lock,Front Door Lock,WorkOrder,,rps_lng-DRE19000036
rps_lng-HDO191014,Tenancy,Tenancy,rps_lng-HDO190944,Dishwasher,Dishwasher,WorkOrder,,rps_lng-HDO19001583
rps_lng-HDO191014,Tenancy,Tenancy,rps_lng-HDO190944,Door trim in laundry and door stop,Door trim in laundry and door stop,WorkOrder,,rps_lng-DRE19000036
rps_lng-HDO191014,Agency,Agency,,Light fitting need resecuring,Light fitting need resecuring,WorkOrder,,rps_lng-DRE19000036
rps_lng-HDO191014,Agency,Agency,,URGENT: Water leak,URGENT: Water leak,WorkOrder,,rps_lng-HDO19001147
rps_lng-HDO191014,Tenancy,Tenancy,rps_lng-HDO190944,Letter Box damaged by truck,Letter Box damaged by truck,WorkOrder,,rps_lng-HDO19004528
rps_lng-HDO191133,Agency,Agency,,Repaid Urgent Gas Escape,Repaid Urgent Gas Escape,WorkOrder,,rps_lng-HDO15001023
rps_lng-HDO191133,Agency,Agency,,Combined electrical and gas safety certificates,Combined electrical and gas safety certificates,WorkOrder,,rps_lng-HDO19001188
rps_lng-HDO191134,Tenancy,Tenancy,rps_lng-HDO200327,Mould treatment and exhaust fans,Mould treatment and exhaust fans,WorkOrder,,rps_lng-HDO19001497
rps_lng-HDO191134,Agency,Agency,,Electrical Safety Check,Electrical Safety Check,WorkOrder,,rps_lng-HDO19001188
rps_lng-HDO191134,Agency,Agency,,Blind Chain,Blind Chain,WorkOrder,,rps_lng-DRE19000036
rps_lng-HDO191134,Agency,Agency,,Leak in ensuite,Leak in ensuite,WorkOrder,,rps_lng-CVA21002238
rps_lng-HDO191134,Tenancy,Tenancy,rps_lng-HDO200327,Dishwasher not working,Dishwasher not working,WorkOrder,,rps_lng-HDO19001583
rps_lng-HDO191134,Agency,Agency,,Front Door Lock,Front Door Lock,WorkOrder,,rps_lng-JAM20000164
rps_lng-HDO191134,Tenancy,Tenancy,rps_lng-HDO200327,Stove replacement,Stove replacement,WorkOrder,,rps_lng-HDO17002815
rps_lng-HDO191134,Tenancy,Tenancy,rps_lng-HDO200327,Dishwasher Repairs,Dishwasher Repairs,WorkOrder,,rps_lng-CVA21001803
rps_lng-HDO191134,Agency,Agency,,Mould in ensuite,Mould in ensuite,WorkOrder,,rps_lng-HDO19001497
rps_lng-HDO191134,Tenancy,Tenancy,rps_lng-HDO200327,Remaining Balance from #00052103,Remaining Balance from #00052103,WorkOrder,,rps_lng-HDO19003549
rps_lng-HDO191134,Tenancy,Tenancy,rps_lng-HDO200327,Dishwasher not working,Dishwasher not working,WorkOrder,,rps_lng-HDO19003549
rps_lng-HDO191134,Agency,Agency,,Supply and install curtains,Supply and install curtains,WorkOrder,,rps_lng-DRE19000036
rps_lng-HDO191147,Agency,Agency,,Gas and Electrical Check,Gas and Electrical Check,WorkOrder,,rps_lng-HDO19001188
rps_lng-HDO191147,Agency,Agency,,General Repairs,General Repairs,WorkOrder,,rps_lng-DRE19000036
rps_lng-HDO191147,Agency,Agency,,Electrical issues (lights),Electrical issues (lights),WorkOrder,,rps_lng-HDO18002179
rps_lng-HDO191147,Agency,Agency,,Handyman Job - Subsequent Hour,Handyman Job - Subsequent Hour,WorkOrder,,rps_lng-VAD21000019
rps_lng-HDO191147,Agency,Agency,,Handyman jobs,Handyman jobs,WorkOrder,,rps_lng-VAD21000019
rps_lng-HDO191147,Agency,Agency,,Heating not working properly,Heating not working properly,WorkOrder,,rps_lng-COS19000051
rps_lng-HDO191230,Agency,Agency,,Gas Safety Check,Gas Safety Check,WorkOrder,,rps_lng-HDO22004027
rps_lng-HDO191230,Agency,Agency,,Entry Maintenance,Entry Maintenance,WorkOrder,,rps_lng-HDO21001704
rps_lng-HDO191230,Agency,Agency,,Combined electrical and gas safety certificates,Combined electrical and gas safety certificates,WorkOrder,,rps_lng-HDO19001188
rps_lng-HDO191272,Agency,Agency,,Additional Gas Work,Additional Gas Work,Open,,
rps_lng-HDO191272,Agency,Agency,,Electrical Upgrade,Electrical Upgrade,WorkOrder,,rps_lng-SAN22000095
rps_lng-HDO191272,Agency,Agency,,Gas Safety Check,Gas Safety Check,WorkOrder,,rps_lng-HDO22004027
rps_lng-HDO191272,Agency,Agency,,Half Share Pailing Fence,Half Share Pailing Fence,WorkOrder,,rps_lng-HDO23002090
rps_lng-HDO191272,Agency,Agency,,Gas and Electrical Check,Gas and Electrical Check,WorkOrder,,rps_lng-HDO19001188
rps_lng-HDO191272,Agency,Agency,,Oven Replacement,Oven Replacement,WorkOrder,,rps_lng-HDO19001147
rps_lng-HDO191272,Agency,Agency,,Leaking Evaes at entry,Leaking Evaes at entry,WorkOrder,,rps_lng-HDO21001573
rps_lng-HDO191272,Agency,Agency,,Dishwasher,Dishwasher,WorkOrder,,rps_lng-HDO19001439
rps_lng-HDO191279,Agency,Agency,,Gas Safety Check,Gas Safety Check,WorkOrder,,rps_lng-HDO22004027
rps_lng-HDO191279,Agency,Agency,,Kitchen Tap,Kitchen Tap,WorkOrder,,rps_lng-HDO19001147
rps_lng-HDO191279,Agency,Agency,,Combined electrical and gas safety certificates,Combined electrical and gas safety certificates,WorkOrder,,rps_lng-HDO19001188
rps_lng-HDO200014,Agency,Agency,,Pressure jetter truck to clear blockage,Pressure jetter truck to clear blockage,WorkOrder,,rps_lng-HDO19004445
rps_lng-HDO200014,Agency,Agency,,Plumbing works,Plumbing works,WorkOrder,,rps_lng-HDO19004445
rps_lng-HDO200014,Agency,Agency,,Gas & Electrical Checks,Gas & Electrical Checks,WorkOrder,,rps_lng-VAD21000019
rps_lng-HDO200075,Agency,Agency,,Gas Safety Check,Gas Safety Check,WorkOrder,,rps_lng-HDO22004027
rps_lng-HDO200075,Agency,Agency,,Front security screen door Quote,Front security screen door Quote,QuoteRequest,rps_lng-HDO19002195,
rps_lng-HDO200075,Agency,Agency,,Gas and Electrical Check,Gas and Electrical Check,Open,,
rps_lng-HDO200075,Agency,Agency,,heater not working,heater not working,WorkOrder,,rps_lng-HDO20000526
rps_lng-HDO200076,Agency,Agency,,Pest Inspection,Pest Inspection,WorkOrder,,rps_lng-HDO20002103
rps_lng-HDO200076,Agency,Agency,,General Maintenance Quote,General Maintenance Quote,WorkOrder,,rps_lng-HDO21001704
rps_lng-HDO200076,Agency,Agency,,Ducted Heater Issue,Ducted Heater Issue,WorkOrder,,rps_lng-DRE19000076
rps_lng-HDO200076,Agency,Agency,,Garage Leak & Laundry Door Repairs,Garage Leak & Laundry Door Repairs,WorkOrder,,rps_lng-VAD21000019
rps_lng-HDO200076,Agency,Agency,,Gas & Electrical checks,Gas & Electrical checks,WorkOrder,,rps_lng-VAD21000019
rps_lng-HDO200113,Agency,Agency,,Gas and Electrical Check,Gas and Electrical Check,WorkOrder,,rps_lng-HDO19001188
rps_lng-HDO200113,Agency,Agency,,Heater,Heater,WorkOrder,,rps_lng-HDO19001430
rps_lng-HDO200164,Agency,Agency,,Urgent - No Hot Water,Urgent - No Hot Water,WorkOrder,,rps_lng-HDO19001147
rps_lng-HDO200287,Agency,Agency,,Electrical Safety Check,Electrical Safety Check,WorkOrder,,rps_lng-SAN22000095
rps_lng-HDO200287,Agency,Agency,,Gas Safety Check,Gas Safety Check,WorkOrder,,rps_lng-HDO22004027
rps_lng-HDO200296,Agency,Agency,,A/C Service - Split System,A/C Service - Split System,WorkOrder,,rps_lng-DRE19000076
rps_lng-HDO200296,Agency,Agency,,Bedroom Light Issue,Bedroom Light Issue,WorkOrder,,rps_lng-HDO22002894
rps_lng-HDO200296,Agency,Agency,,Mice - Pest Control,Mice - Pest Control,WorkOrder,,rps_lng-HDO15002945
rps_lng-HDO200296,Agency,Agency,,Leaking Hot System,Leaking Hot System,WorkOrder,,rps_lng-HDO19001147
rps_lng-HDO200296,Agency,Agency,,"Door/jamb, painted shaved areas","Door/jamb, painted shaved areas",WorkOrder,,rps_lng-VAD21000019
rps_lng-HDO200300,Agency,Agency,,Gas Safety Check,Gas Safety Check,WorkOrder,,rps_lng-HDO22004027
rps_lng-HDO200300,Agency,Agency,,Gas and Electrical Check,Gas and Electrical Check,WorkOrder,,rps_lng-HDO19001188
rps_lng-HDO200391,Agency,Agency,,Full Compliance Checks,Full Compliance Checks,WorkOrder,,rps_lng-CVA21004419
rps_lng-HDO200400,Agency,Agency,,Toilet Cistern Repair,Toilet Cistern Repair,WorkOrder,,rps_lng-HDO19003293
rps_lng-HDO200400,Agency,Agency,,Electrical Safety Check,Electrical Safety Check,WorkOrder,,rps_lng-SAN22000095
rps_lng-HDO200434,Agency,Agency,,Gas and Electrical Check,Gas and Electrical Check,WorkOrder,,rps_lng-HDO19001188
rps_lng-HDO210031,Agency,Agency,,Ducted Gas Heater,Ducted Gas Heater,OwnerAttending,,
rps_lng-HDO210031,Agency,Agency,,Timber Decking,Timber Decking,WorkOrder,,rps_lng-DRE19000036
rps_lng-HDO210031,Agency,Agency,,Gas Safety Check,Gas Safety Check,WorkOrder,,rps_lng-HDO22004027
rps_lng-HDO210031,Agency,Agency,,Final Payment for Garage Door Repair,Final Payment for Garage Door Repair,WorkOrder,,rps_lng-SAN22000052
rps_lng-HDO210031,Agency,Agency,,Gas & Electrical Compliance,Gas & Electrical Compliance,WorkOrder,,rps_lng-VAD21000019
rps_lng-HDO210031,Agency,Agency,,Garage Door Not Opening,Garage Door Not Opening,WorkOrder,,rps_lng-SAN22000052
rps_lng-HDO210031,Agency,Agency,,Dishwasher not Draining,Dishwasher not Draining,WorkOrder,,rps_lng-HDO21000365
rps_lng-HDO210036,Agency,Agency,,Gas and Electrical Check,Gas and Electrical Check,WorkOrder,,rps_lng-HDO19001188
rps_lng-HDO210036,Agency,Agency,,Bathroom lights,Bathroom lights,WorkOrder,,rps_lng-SAN22000095
rps_lng-HDO210036,Tenancy,Tenancy,rps_lng-HDO210225,Kitchen - Water is leaking from the pipe beneath t,Kitchen - Water is leaking from the pipe beneath t,WorkOrder,,rps_lng-HDO13000942
rps_lng-HDO210068,Agency,Agency,,Gas Safety Check,Gas Safety Check,WorkOrder,,rps_lng-HDO22004027
rps_lng-HDO210068,Agency,Agency,,Toilet Light Switch,Toilet Light Switch,WorkOrder,,rps_lng-SAN22000095
rps_lng-HDO210068,Agency,Agency,,Mould & Damp Restoration,Mould & Damp Restoration,WorkOrder,,rps_lng-CVA21002421
rps_lng-HDO210068,Agency,Agency,,Water Leak,Water Leak,WorkOrder,,rps_lng-HDO19001147
rps_lng-HDO210068,Agency,Agency,,Gas & Electrical Compliance,Gas & Electrical Compliance,WorkOrder,,rps_lng-VAD21000019
rps_lng-HDO210068,Tenancy,Tenancy,rps_lng-HDO220254,Leaking shower and exhaust fan,Leaking shower and exhaust fan,WorkOrder,,rps_lng-HDO22001491
rps_lng-HDO210078,Agency,Agency,,Water Leak Repairs,Water Leak Repairs,WorkOrder,,rps_lng-HDO19001147
rps_lng-HDO210078,Agency,Agency,,Gas and Electrical Check,Gas and Electrical Check,WorkOrder,,rps_lng-HDO19001188
rps_lng-HDO210078,Agency,Agency,,Handyman Repairs,Handyman Repairs,WorkOrder,,rps_lng-VAD21000019
rps_lng-HDO210078,Agency,Agency,,Door Repairs,Door Repairs,WorkOrder,,rps_lng-VAD21000019
rps_lng-HDO210119,Agency,Agency,,Electrical Safety Check,Electrical Safety Check,WorkOrder,,rps_lng-SAN22000095
rps_lng-HDO210119,Agency,Agency,,Gas Safety Check,Gas Safety Check,WorkOrder,,rps_lng-HDO22004027
rps_lng-HDO210119,Agency,Agency,,Weatherboards on rear west side of building,Weatherboards on rear west side of building,WorkOrder,,rps_lng-HDO22001591
rps_lng-HDO210119,Agency,Agency,,Blocked Pipes / Drains,Blocked Pipes / Drains,WorkOrder,,rps_lng-HDO19001147
rps_lng-HDO210119,Agency,Agency,,heating not working,heating not working,WorkOrder,,rps_lng-HDO19002152
rps_lng-HDO210128,Agency,Agency,,Electrical Safety Check,Electrical Safety Check,WorkOrder,,rps_lng-SAN22000095
rps_lng-HDO210128,Agency,Agency,,Gas Safety Check,Gas Safety Check,WorkOrder,,rps_lng-HDO22004027
rps_lng-HDO210136,Agency,Agency,,Electrical Safety Check,Electrical Safety Check,Open,,
rps_lng-HDO210136,Agency,Agency,,Gas Safety Check,Gas Safety Check,WorkOrder,,rps_lng-HDO22004027
rps_lng-HDO210136,Agency,Agency,,A/C Deposit,A/C Deposit,WorkOrder,,rps_lng-CHA20000024
rps_lng-HDO210136,Agency,Agency,,Shower Head & Grout Repairs,Shower Head & Grout Repairs,WorkOrder,,rps_lng-SAN21000030
rps_lng-HDO210136,Agency,Agency,,Pest Treatment,Pest Treatment,WorkOrder,,rps_lng-HDO19001170
rps_lng-HDO210136,Agency,Agency,,As per discussion,As per discussion,WorkOrder,,rps_lng-HDO21001704
rps_lng-HDO210145,Agency,Agency,,Additional Gas Work,Additional Gas Work,Open,,
rps_lng-HDO210145,Agency,Agency,,Electrical Safety Check,Electrical Safety Check,Open,,
rps_lng-HDO210145,Agency,Agency,,Gas Safety Check,Gas Safety Check,WorkOrder,,rps_lng-HDO22004027
rps_lng-HDO210145,Agency,Agency,,Backyard - rear fence repair,Backyard - rear fence repair,WorkOrder,,rps_lng-VAD21000019
rps_lng-HDO210218,Agency,Agency,,Additional Gas Work,Additional Gas Work,Open,,
rps_lng-HDO210218,Agency,Agency,,Gas Safety Check,Gas Safety Check,WorkOrder,,rps_lng-HDO22004027
rps_lng-HDO210218,Agency,Agency,,URGENT Smoke Alarm,URGENT Smoke Alarm,WorkOrder,,rps_lng-HDO19001188
rps_lng-HDO210218,Agency,Agency,,URGENT Electrical Check & Other,URGENT Electrical Check & Other,WorkOrder,,rps_lng-VAD21000019
rps_lng-HDO210224,Agency,Agency,,Gas Safety Check,Gas Safety Check,WorkOrder,,rps_lng-HDO22004027
rps_lng-HDO210224,Agency,Agency,,Gas and Electrical Check,Gas and Electrical Check,WorkOrder,,rps_lng-HDO19001188
rps_lng-HDO210224,Agency,Agency,,Maintenance - Oven & Air Vent,Maintenance - Oven & Air Vent,WorkOrder,,rps_lng-HDO22004027
rps_lng-HDO210226,Agency,Agency,,Gas Safety Check,Gas Safety Check,Open,,
rps_lng-HDO210226,Agency,Agency,,Gas and Electrical Check,Gas and Electrical Check,Open,,
rps_lng-HDO210227,Agency,Agency,,WOP lock out,WOP lock out,Open,,
rps_lng-HDO210227,Agency,Agency,,Electrical Safety Check,Electrical Safety Check,Open,,
rps_lng-HDO210227,Agency,Agency,,Gas Safety Check,Gas Safety Check,WorkOrder,,rps_lng-HDO22004027
rps_lng-HDO210242,Agency,Agency,,Kitchen Tap Leak Repair,Kitchen Tap Leak Repair,WorkOrder,,rps_lng-HDO19001147
rps_lng-HDO210242,Agency,Agency,,Shower Hose,Shower Hose,WorkOrder,,rps_lng-HDO21001704
rps_lng-HDO210242,Agency,Agency,,Leaking Kitchen Tap,Leaking Kitchen Tap,WorkOrder,,rps_lng-HDO19001147
rps_lng-HDO210242,Agency,Agency,,Gas & Smoke alarm compliance,Gas & Smoke alarm compliance,WorkOrder,,rps_lng-CVA21004419
rps_lng-HDO210242,Agency,Agency,,Leaking Toilet,Leaking Toilet,WorkOrder,,rps_lng-SAN22000135
rps_lng-HDO210251,Agency,Agency,,Gas Safety Check,Gas Safety Check,WorkOrder,,rps_lng-HDO22004027
rps_lng-HDO210251,Agency,Agency,,Urgent Switch Board Fault,Urgent Switch Board Fault,WorkOrder,,rps_lng-SAN22000095
rps_lng-HDO210271,Agency,Agency,,Gas Leak Repairs,Gas Leak Repairs,WorkOrder,,rps_lng-HDO19001147
rps_lng-HDO210271,Agency,Agency,,Gas Leak Investigation,Gas Leak Investigation,WorkOrder,,rps_lng-HDO19001147
rps_lng-HDO210271,Agency,Agency,,Repair Shower Head,Repair Shower Head,WorkOrder,,rps_lng-HDO19001147
rps_lng-HDO210271,Agency,Agency,,Water Leak,Water Leak,WorkOrder,,rps_lng-CVA21002500
rps_lng-HDO210271,Agency,Agency,,Burst water pipe,Burst water pipe,WorkOrder,,rps_lng-HDO19001147
rps_lng-HDO210271,Agency,Agency,,Electrical and Gas Safety,Electrical and Gas Safety,WorkOrder,,rps_lng-VAD21000019
rps_lng-HDO210296,Agency,Agency,,1 Key Order - Paid via CC,1 Key Order - Paid via CC,Open,,
rps_lng-HDO210307,Agency,Agency,,Front Door Lock,Front Door Lock,OwnerAttending,,
rps_lng-HDO210327,Agency,Agency,,Gas Safety Check,Gas Safety Check,WorkOrder,,rps_lng-HDO22004027
rps_lng-HDO210327,Agency,Agency,,Heater not working,Heater not working,WorkOrder,,rps_lng-DRE19000076
rps_lng-HDO210327,Agency,Agency,,Dishwasher not working,Dishwasher not working,WorkOrder,,rps_lng-HDO19003549
rps_lng-HDO210327,Agency,Agency,,Replace exhaust fan,Replace exhaust fan,WorkOrder,,rps_lng-SAN22000095
rps_lng-HDO210327,Tenancy,Tenancy,rps_lng-HDO211581,Roof - Ceiling leak,Roof - Ceiling leak,WorkOrder,,rps_lng-HDO19001147
rps_lng-HDO210327,Agency,Agency,,Aircon not working,Aircon not working,WorkOrder,,rps_lng-SAN22000007
rps_lng-HDO210334,Agency,Agency,,Gas Safety Check,Gas Safety Check,WorkOrder,,rps_lng-HDO22004027
rps_lng-HDO210334,Agency,Agency,,Gas and Electrical Check,Gas and Electrical Check,WorkOrder,,rps_lng-HDO19001188
rps_lng-HDO210334,Agency,Agency,,Supply and Install Side gate,Supply and Install Side gate,WorkOrder,,rps_lng-SAN22000063
rps_lng-HDO210405,Agency,Agency,,Electrical Safety Check,Electrical Safety Check,Open,,
rps_lng-HDO210405,Agency,Agency,,Gas Safety Check,Gas Safety Check,WorkOrder,,rps_lng-HDO22004027
rps_lng-HDO210408,Agency,Agency,,Gas Safety Check,Gas Safety Check,WorkOrder,,rps_lng-HDO21001573
rps_lng-HDO210408,Agency,Agency,,Electrical and Smoke Alarm Checks,Electrical and Smoke Alarm Checks,WorkOrder,,rps_lng-HDO19001188
rps_lng-HDO210413,Agency,Agency,,Front Door Deadlock,Front Door Deadlock,WorkOrder,,rps_lng-JAM20000164
rps_lng-HDO210413,Agency,Agency,,Window Make Safe,Window Make Safe,WorkOrder,,rps_lng-DRE19000036
rps_lng-HDO210413,Agency,Agency,,Dishwasher,Dishwasher,WorkOrder,,rps_lng-HDO08001895
rps_lng-HDO210442,Agency,Agency,,Gas Safety Check,Gas Safety Check,WorkOrder,,rps_lng-HDO21001573
rps_lng-HDO210442,Agency,Agency,,Change Rangehood & Rubbish Removal,Change Rangehood & Rubbish Removal,WorkOrder,,rps_lng-HDO22002894
rps_lng-HDO210442,Agency,Agency,,Gas and Electrical Check,Gas and Electrical Check,WorkOrder,,rps_lng-HDO19001188
rps_lng-HDO210442,Agency,Agency,,Rangehood,Rangehood,WorkOrder,,rps_lng-HDO22002894
rps_lng-HDO210452,Agency,Agency,,Toilet Seat Repair,Toilet Seat Repair,WorkOrder,,rps_lng-HDO21001704
rps_lng-HDO210452,Agency,Agency,,Window Stuck Open,Window Stuck Open,WorkOrder,,rps_lng-HDO21001704
rps_lng-HDO210452,Agency,Agency,,Combined electrical and gas safety certificates,Combined electrical and gas safety certificates,WorkOrder,,rps_lng-HDO19001188
rps_lng-HDO210452,Agency,Agency,,General Maintenance,General Maintenance,WorkOrder,,rps_lng-DRE19000036
rps_lng-HDO210459,Agency,Agency,,Electrical Certificate,Electrical Certificate,WorkOrder,,rps_lng-HDO21001981
rps_lng-HDO210459,Agency,Agency,,Gas Ducted Heating Service,Gas Ducted Heating Service,WorkOrder,,rps_lng-HDO19001493
rps_lng-HDO210459,Agency,Agency,,Raise stove cabinets minimum 60mm above stove tops,Raise stove cabinets minimum 60mm above stove tops,QuoteRequest,rps_lng-HDO21001981,
rps_lng-HDO210459,Tenancy,Tenancy,rps_lng-HDO220256,Ducted Heating Service,Ducted Heating Service,WorkOrder,,rps_lng-HDO19001493
rps_lng-HDO210459,Tenancy,Tenancy,rps_lng-HDO220256,Back Glass - Sliding Door Quote,Back Glass - Sliding Door Quote,WorkOrder,,rps_lng-HDO19001746
rps_lng-HDO210467,Agency,Agency,,Duct Repairs - Heater,Duct Repairs - Heater,WorkOrder,,rps_lng-DRE19000076
rps_lng-HDO210467,Agency,Agency,,Urgent Rodent Control Treatment,Urgent Rodent Control Treatment,WorkOrder,,rps_lng-JAM21000001
rps_lng-HDO210467,Agency,Agency,,Replacement of shower hose,Replacement of shower hose,WorkOrder,,rps_lng-HDO19003293
rps_lng-HDO210467,Tenancy,Tenancy,rps_lng-HDO211669,Ensuite shower - No Pressure,Ensuite shower - No Pressure,WorkOrder,,rps_lng-HDO19003293
rps_lng-HDO210467,Agency,Agency,,Kitchen cabinet handles & install door stop,Kitchen cabinet handles & install door stop,WorkOrder,,rps_lng-DRE19000036
rps_lng-HDO210467,Agency,Agency,,Cleaning,Cleaning,WorkOrder,,rps_lng-HDO21000910
rps_lng-HDO210467,Agency,Agency,,Electrical and Gas Safety,Electrical and Gas Safety,WorkOrder,,rps_lng-VAD21000019
rps_lng-HDO210486,Agency,Agency,,Antenna Repairs,Antenna Repairs,WorkOrder,,rps_lng-CVA21002487
rps_lng-HDO210486,Agency,Agency,,General Maintenance,General Maintenance,WorkOrder,,rps_lng-VAD21000019
rps_lng-HDO210486,Agency,Agency,,Gas & Saftey Checks,Gas & Saftey Checks,WorkOrder,,rps_lng-VAD21000019
rps_lng-HDO210501,Agency,Agency,,Gas Safety,Gas Safety,WorkOrder,,rps_lng-HDO19001188
rps_lng-HDO210501,Agency,Agency,,Electrical and Gas Safety,Electrical and Gas Safety,WorkOrder,,rps_lng-VAD21000019
rps_lng-HDO210526,Agency,Agency,,Leak Under Kitchen Sink,Leak Under Kitchen Sink,WorkOrder,,rps_lng-HDO19001147
rps_lng-HDO210526,Agency,Agency,,Laundry & Bathroom Fan Repairs,Laundry & Bathroom Fan Repairs,WorkOrder,,rps_lng-HDO23000360
rps_lng-HDO210526,Agency,Agency,,Building Fob/Remote,Building Fob/Remote,WorkOrder,,rps_lng-HDO22000626
rps_lng-HDO210536,Agency,Agency,,Additional Gas Work,Additional Gas Work,Open,,
rps_lng-HDO210536,Agency,Agency,,Gas Safety Check,Gas Safety Check,WorkOrder,,rps_lng-HDO22004027
rps_lng-HDO210536,Agency,Agency,,Replacement of Ducted Heat Exchanger,Replacement of Ducted Heat Exchanger,WorkOrder,,rps_lng-HDO17002817
rps_lng-HDO210536,Agency,Agency,,Combined electrical and gas safety certificates,Combined electrical and gas safety certificates,WorkOrder,,rps_lng-HDO19001188
rps_lng-HDO210536,Agency,Agency,,Additional electrical works,Additional electrical works,WorkOrder,,rps_lng-VAD21000019
rps_lng-HDO210536,Agency,Agency,,Inspect wiring subsequent to inspection report,Inspect wiring subsequent to inspection report,WorkOrder,,rps_lng-SAN22000095
rps_lng-HDO210536,Agency,Agency,,Gas & Electrical checks,Gas & Electrical checks,WorkOrder,,rps_lng-VAD21000019
rps_lng-HDO210536,Agency,Agency,,Mailbox & Laundry Light,Mailbox & Laundry Light,WorkOrder,,rps_lng-VAD21000019
rps_lng-HDO220008,Agency,Agency,,Install Toilet Cistern and Seat,Install Toilet Cistern and Seat,WorkOrder,,rps_lng-CVA21001869
rps_lng-HDO220008,Agency,Agency,,Electrical and Gas Safety,Electrical and Gas Safety,WorkOrder,,rps_lng-VAD21000019
rps_lng-HDO220041,Agency,Agency,,Gas Safety Check,Gas Safety Check,WorkOrder,,rps_lng-HDO22004027
rps_lng-HDO220041,Agency,Agency,,Gas and Electrical Check,Gas and Electrical Check,WorkOrder,,rps_lng-HDO19001188
rps_lng-HDO220056,Agency,Agency,,Gutter Cleaning,Gutter Cleaning,WorkOrder,,rps_lng-DRE19000036
rps_lng-HDO220056,Agency,Agency,,Supply Heat Fitting & Splot Light Sensor,Supply Heat Fitting & Splot Light Sensor,WorkOrder,,rps_lng-HDO23000141
rps_lng-HDO220056,Agency,Agency,,Fit New Copper Gas Connection,Fit New Copper Gas Connection,WorkOrder,,rps_lng-HDO23000141
rps_lng-HDO220056,Agency,Agency,,Vacate cleaning &  steam cleaning of carpets,Vacate cleaning &  steam cleaning of carpets,WorkOrder,,rps_lng-HDO21001673
rps_lng-HDO220056,Agency,Agency,,General Maintenance,General Maintenance,WorkOrder,,rps_lng-DRE19000036
rps_lng-HDO220056,Agency,Agency,,Mowing,Mowing,WorkOrder,,rps_lng-WES20000011
rps_lng-HDO220056,Agency,Agency,,General Maintenance Quote,General Maintenance Quote,WorkOrder,,rps_lng-DRE19000036
rps_lng-HDO220112,Agency,Agency,,General Maintenance,General Maintenance,WorkOrder,,rps_lng-DRE19000036
rps_lng-HDO220112,Agency,Agency,,"Electrical, Gas, and Smoke Alarm Safety","Electrical, Gas, and Smoke Alarm Safety",WorkOrder,,rps_lng-DRE19000090
rps_lng-HDO220143,Agency,Agency,,Combined electrical and gas safety certificates,Combined electrical and gas safety certificates,WorkOrder,,rps_lng-HDO19001188
rps_lng-HDO220146,Agency,Agency,,Electrical Safety Check,Electrical Safety Check,WorkOrder,,rps_lng-HDO19001188
rps_lng-HDO220183,Agency,Agency,,Electrical and Gas Safety,Electrical and Gas Safety,WorkOrder,,rps_lng-VAD21000019
rps_lng-HDO220217,Agency,Agency,,Hot Water & Dishwasher,Hot Water & Dishwasher,WorkOrder,,rps_lng-HDO19003293
rps_lng-HDO220225,Agency,Agency,,Door Handle,Door Handle,WorkOrder,,rps_lng-DRE19000036
rps_lng-HDO220232,Agency,Agency,,Electrical Safety Check,Electrical Safety Check,WorkOrder,,rps_lng-DRE22000009
rps_lng-HDO220232,Agency,Agency,,Gas Safety Check,Gas Safety Check,Open,,
rps_lng-HDO220232,Agency,Agency,,Replacement of Oven Door,Replacement of Oven Door,WorkOrder,,rps_lng-SAN22000095
rps_lng-HDO220232,Agency,Agency,,Electrical Work,Electrical Work,WorkOrder,,rps_lng-SAN22000095
rps_lng-HDO220232,Agency,Agency,,Bathroom Door Painting,Bathroom Door Painting,WorkOrder,,rps_lng-HDO13002453
rps_lng-HDO220251,Agency,Agency,,Electrical Safety Check,Electrical Safety Check,Open,,
rps_lng-HDO220268,Agency,Agency,,Tree & Pond Quote,Tree & Pond Quote,QuoteRequest,rps_lng-HDO21001704,
rps_lng-HDO220268,Agency,Agency,,Ceiling Repairs - Kitchen,Ceiling Repairs - Kitchen,OwnerAttending,,
rps_lng-HDO220268,Agency,Agency,,Re-attend Kitchen Water Ingress,Re-attend Kitchen Water Ingress,WorkOrder,,rps_lng-SAN22000095
rps_lng-HDO220268,Agency,Agency,,Flyscreen and security door,Flyscreen and security door,WorkOrder,,rps_lng-HDO19002195
rps_lng-HDO220268,Agency,Agency,,Electrical Check,Electrical Check,WorkOrder,,rps_lng-SAN22000095
rps_lng-HDO220268,Agency,Agency,,Roof Leak,Roof Leak,WorkOrder,,rps_lng-HDO21001573
rps_lng-HDO220268,Tenancy,Tenancy,rps_lng-HDO221407,Roof -- Reattendance,Roof -- Reattendance,WorkOrder,,rps_lng-HDO21001573
rps_lng-HDO220268,Agency,Agency,,Electrical Safety,Electrical Safety,WorkOrder,,rps_lng-SAN22000095
rps_lng-HDO220268,Agency,Agency,,Replace roof,Replace roof,WorkOrder,,rps_lng-HDO21001573
rps_lng-HDO220268,Agency,Agency,,Gas & Elec Safety + Roof leak,Gas & Elec Safety + Roof leak,WorkOrder,,rps_lng-HDO21001573
rps_lng-HDO220273,Agency,Agency,,Fence Repairs,Fence Repairs,WorkOrder,,rps_lng-DRE19000036
rps_lng-HDO220273,Agency,Agency,,Possible Burst Pipe,Possible Burst Pipe,WorkOrder,,rps_lng-HDO19004445
rps_lng-HDO220337,Agency,Agency,,Gas Safety Check,Gas Safety Check,WorkOrder,,rps_lng-HDO21001573
rps_lng-HDO220337,Agency,Agency,,Gas and Electrical Check,Gas and Electrical Check,WorkOrder,,rps_lng-HDO19001188
rps_lng-HDO220366,Agency,Agency,,Electrical Safety Check,Electrical Safety Check,Open,,
rps_lng-HDO220366,Agency,Agency,,Gas Safety Check,Gas Safety Check,WorkOrder,,rps_lng-HDO22004027
rps_lng-HDO220383,Agency,Agency,,Gas and Electrical Check,Gas and Electrical Check,WorkOrder,,rps_lng-HDO19001188
rps_lng-HDO220384,Agency,Agency,,Front Screen Door Quote,Front Screen Door Quote,QuoteRequest,rps_lng-HDO19002195,
rps_lng-HDO220384,Agency,Agency,,Front Door Alignment,Front Door Alignment,WorkOrder,,rps_lng-DRE19000036
rps_lng-HDO220408,Agency,Agency,,Gas Safety Check,Gas Safety Check,WorkOrder,,rps_lng-HDO22004027
rps_lng-HDO220465,Agency,Agency,,Additional Gas Work,Additional Gas Work,Open,,
rps_lng-HDO220465,Agency,Agency,,Gas Safety Check,Gas Safety Check,WorkOrder,,rps_lng-HDO22004027
rps_lng-HDO220465,Agency,Agency,,Cooktop Not Lighting,Cooktop Not Lighting,WorkOrder,,rps_lng-HDO19003549
rps_lng-HDO220465,Agency,Agency,,Gas and Electrical Check,Gas and Electrical Check,Open,,
rps_lng-HDO220465,Agency,Agency,,Duplicate Key,Duplicate Key,WorkOrder,,rps_lng-HDO19001597
rps_lng-HDO220471,Agency,Agency,,Combined electrical and gas safety certificates,Combined electrical and gas safety certificates,WorkOrder,,rps_lng-HDO19001188
rps_lng-HDO220479,Agency,Agency,,Additional Electric Works,Additional Electric Works,Open,,
rps_lng-HDO220479,Agency,Agency,,Electrical Safety Check,Electrical Safety Check,WorkOrder,,rps_lng-DRE22000009
rps_lng-HDO220482,Agency,Agency,,House Maintenance,House Maintenance,WorkOrder,,rps_lng-DRE20000094
rps_lng-HDO220482,Agency,Agency,,Electrical and Gas Safety,Electrical and Gas Safety,Open,,
rps_lng-HDO220483,Agency,Agency,,Gas Safety Check,Gas Safety Check,WorkOrder,,rps_lng-HDO22004027
rps_lng-HDO220483,Agency,Agency,,Gas and Electrical Check,Gas and Electrical Check,Open,,
rps_lng-HDO220594,Agency,Agency,,General Surface Clean,General Surface Clean,WorkOrder,,rps_lng-HDO22003952
rps_lng-HDO220671,Agency,Agency,,Various Maintenance,Various Maintenance,Open,,
rps_lng-HDO220702,Agency,Agency,,Gas Safety Check,Gas Safety Check,WorkOrder,,rps_lng-HDO22004027
rps_lng-HDO220707,Agency,Agency,,Garden Clean Up,Garden Clean Up,WorkOrder,,rps_lng-WES20000011
rps_lng-HDO230051,Agency,Agency,,Order 1x Key - Paid vic CC Essential Keys Vic,Order 1x Key - Paid vic CC Essential Keys Vic,WorkOrder,,rps_lng-HDO19001202
rps_lng-HDO230051,Agency,Agency,,Lot 409E_1x FOBs,Lot 409E_1x FOBs,WorkOrder,,rps_lng-HDO19001790
rps_lng-HDO230072,Agency,Agency,,Window Locks,Window Locks,OwnerAttending,,
rps_lng-HDO230086,Agency,Agency,,General Pest & Mice Control,General Pest & Mice Control,WorkOrder,,rps_lng-HDO23001438
rps_lng-HDO230187,Agency,Agency,,Gas Safety Check,Gas Safety Check,WorkOrder,,rps_lng-CVA21002238
rps_lng-HDO230187,Agency,Agency,,Electrical Safety Check,Electrical Safety Check,WorkOrder,,rps_lng-DRE22000009
rps_lng-HDO230313,Agency,Agency,,Urgent door handle,Urgent door handle,OwnerAttending,,
