tenancy_id,property_id,original_lease_start,lease_start,lease_end,vacate_type,notice_sent_received,termination_date,moving_out,charge_to,contact_1_id,contact_[n]_auto_email_receipts,contact_[n]_auto_email_invoices,contact_[n]_enotices_no_consent,contact_[n]_dont_send_marketing,contact_[n]_type,contact_[n]_account_name,contact_[n]_account_bsb,contact_[n]_account_no,direct_debit_invoices,direct_debit_rent,direct_debit_contact_id,direct_debit_max_amount,direct_debit_schedule_description,direct_debit_schedule_period,direct_debit_schedule_amount,direct_debit_schedule_start,direct_debit_schedule_end,last_rent_review,next_rent_review,rent_account,rent_description,rent_start,rent_period,rent_amount,new_rent_start,new_rent_period,new_rent_amount,rent_paid_to,rent_credit,outgoings_[n]_account,outgoings_[n]_description,outgoings_[n]_amount,outgoings_[n]_paid_to,outgoings_[n]_credit,new_outgoings_[n]_amount,bond_[n]_required,bond_[n]_account,bond_[n]_reference,bond_[n]_lodged_direct,held_for_tenancy,tag_[group name],fee_[fee id],contact_2_id,contact_3_id,contact_4_id
rps_lng-HDO211377,rps_lng-CVA210023,2022-11-12,2022-11-12,2024-11-11,,,,,,rps_lng-HDO21002948,,,,,,,,,,,,,,,,,,,,100005,,,Monthly,495.02,,,,31/08/2023,0.0,,,,,,,,,,,,,,,,
rps_lng-CVA210538,rps_lng-CVA210032,2022-10-01,2022-10-01,2023-09-30,,,,,,rps_lng-CVA21001557,,,,,,,,,,,,,,,,,,,,100005,,,Monthly,710.2,,,,31/08/2023,0.0,,,,,,,,,,,,,,rps_lng-CVA21001558,,
rps_lng-CVA210093,rps_lng-CVA210067,2020-01-01,2020-01-01,2021-01-31,,,,,,rps_lng-CVA21001534,,,,,,,,,,,,,,,,,,,2023-12-01T10:00:00+00:00,100005,,,Monthly,640.01,,,,31/08/2023,0.0,,,,,,,,,,,,,,rps_lng-CVA21001535,,
rps_lng-HDO220375,rps_lng-CVA210068,2023-03-21,2023-03-21,2024-03-20,,,,,,rps_lng-HDO22000766,,,,,,,,,,,,,,,,,,,,100005,,,Monthly,350.04,,,,,,,,,,,,,,,,,,,,,
rps_lng-HDO230303,rps_lng-CVA210071,2023-03-18,2023-03-18,2024-03-17,,,,,,rps_lng-HDO23000919,,,,,,,,,,,,,,,,,,,,100005,,,Monthly,429.9,,,,,,,,,,,,,,,,,,,,,
rps_lng-HDO221153,rps_lng-CVA210072,2023-08-18,2023-08-18,2025-08-17,,,,,,rps_lng-HDO22002581,,,,,,,,,,,,,,,,,,,,100005,,,Monthly,509.98,,,,17/09/2023,0.0,,,,,,,,,,,,,,,,
rps_lng-CVA210416,rps_lng-CVA210073,2022-10-15,2022-10-15,2023-10-14,,,,,,rps_lng-CVA21001532,,,,,,,,,,,,,,,,,,,,100005,,,Monthly,324.95,,,,,,,,,,,,,,,,,,,,,
rps_lng-CVA210414,rps_lng-CVA210117,2022-07-01,2022-07-01,2022-12-31,,,,,,rps_lng-CVA21000603,,,,,,,,,,,,,,,,,,,2023-09-01T00:00:00+01:00,100005,,,Monthly,815.15,,,,,,,,,,,,,,,,,,,rps_lng-CVA21000604,,
rps_lng-CVA210247,rps_lng-CVA210118,2023-04-01,2023-04-01,2024-02-29,,,,,,rps_lng-HDO22000462,,,,,,,,,,,,,,,,,,,,100005,,,Monthly,984.99,,,,,,,,,,,,,,,,,,,rps_lng-HDO23001975,,
rps_lng-CVA210164,rps_lng-CVA210153,2023-06-01,2023-06-01,2023-12-31,,,,,,rps_lng-CVA21000618,,,,,,,,,,,,,,,,,,,,100005,,,Monthly,399.98,,,,31/08/2023,0.0,,,,,,,,,,,,,,rps_lng-CVA21000619,,
rps_lng-HDO221557,rps_lng-CVA210167,2022-11-18,2022-11-18,2023-11-17,,,,,,rps_lng-HDO22003588,,,,,,,,,,,,,,,,,,,,100005,,,Monthly,399.98,,,,,,,,,,,,,,,,,,,rps_lng-HDO23001301,,
rps_lng-CVA210243,rps_lng-CVA210171,2023-03-01,2023-03-01,2023-08-31,,,,,,rps_lng-CVA21000633,,,,,,,,,,,,,,,,,,,,100005,,,Monthly,350.04,,,,31/08/2023,0.0,,,,,,,,,,,,,,,,
rps_lng-HDO230625,rps_lng-CVA210180,2023-06-01,2023-06-01,2024-05-31,,,,,,rps_lng-HDO23001720,,,,,,,,,,,,,,,,,,,,100005,,,Monthly,530.01,,,,31/08/2023,0.0,,,,,,,,,,,,,,rps_lng-HDO23001719,,
rps_lng-HDO221031,rps_lng-CVA210185,2022-07-23,2022-07-23,2023-07-22,,,,,,rps_lng-HDO22002230,,,,,,,,,,,,,,,,,,,2024-04-01T16:00:00+01:00,100005,,,Monthly,475.0,,,,,,,,,,,,,,,,,,,,,
rps_lng-CVA210537,rps_lng-CVA210194,2021-09-04,2021-09-04,2022-09-03,,,,,,rps_lng-CVA21000658,,,,,,,,,,,,,,,,,,,,100005,,,Monthly,700.08,,,,,,,,,,,,,,,,,,,,,
rps_lng-CVA210145,rps_lng-CVA210231,2017-08-11,2017-08-11,2018-08-10,,,,,,rps_lng-CVA21001390,,,,,,,,,,,,,,,,,,,2023-11-20T00:00:00+00:00,100005,,,Monthly,310.22,,,,31/08/2023,0.0,,,,,,,,,,,,,,,,
rps_lng-HDO221193,rps_lng-CVA210272,2022-08-26,2022-08-26,2023-02-25,,,,,,rps_lng-HDO22002685,,,,,,,,,,,,,,,,,,,2023-11-08T14:00:00+00:00,100005,,,Monthly,449.92,,,,,,,,,,,,,,,,,,,rps_lng-HDO22002684,,
rps_lng-CVA210098,rps_lng-CVA210383,2021-12-01,2021-12-01,2022-12-11,,,,,,rps_lng-CVA21000833,,,,,,,,,,,,,,,,,,,2023-12-01T21:00:00+00:00,100005,,,Monthly,315.06,,,,,,,,,,,,,,,,,,,,,
rps_lng-CVA210099,rps_lng-CVA210384,2015-09-23,2015-09-23,2016-09-22,,,,,,rps_lng-CVA21000834,,,,,,,,,,,,,,,,,,,2023-09-01T15:00:00+01:00,100005,,,Monthly,325.18,,,,,,,,,,,,,,,,,,,,,
rps_lng-HDO230746,rps_lng-CVA210385,2023-06-20,2023-06-20,2024-06-19,,,,,,rps_lng-HDO23002007,,,,,,,,,,,,,,,,,,,,100005,,,Monthly,379.96,,,,19/09/2023,0.0,,,,,,,,,,,,,,,,
rps_lng-CVA210102,rps_lng-CVA210389,2022-11-30,2022-11-30,2023-11-29,,,,,,rps_lng-CVA21000840,,,,,,,,,,,,,,,,,,2023-08-01T11:00:00+01:00,,100005,,,Monthly,340.14,,,,,,,,,,,,,,,,,,,,,
rps_lng-HDO210865,rps_lng-CVA210391,2023-08-17,2023-08-17,2024-08-16,,,,,,rps_lng-HDO21001957,,,,,,,,,,,,,,,,,,,,100005,,,Monthly,420.0,,,,,,,,,,,,,,,,,,,,,
rps_lng-HDO210580,rps_lng-CVA210401,2023-07-05,2023-07-05,2024-07-04,,,,,,rps_lng-HDO21001330,,,,,,,,,,,,,,,,,,,,100005,,,Monthly,650.14,,,,,,,,,,,,,,,,,,,rps_lng-HDO23002636,,
rps_lng-HDO221419,rps_lng-CVA210406,2023-10-07,2023-10-07,2024-10-06,,,,,,rps_lng-HDO22003254,,,,,,,,,,,,,,,,,,,,100005,,,Monthly,619.99,,,,06/09/2023,0.0,,,,,,,,,,,,,,rps_lng-HDO22003253,,
rps_lng-HDO221273,rps_lng-CVA210411,2022-09-12,2022-09-12,2023-09-11,,,,,,rps_lng-HDO22002888,,,,,,,,,,,,,,,,,,,,100005,,,Monthly,399.98,,,,11/09/2023,0.0,,,,,,,,,,,,,,,,
rps_lng-CVA210254,rps_lng-CVA210417,2019-02-15,2019-02-15,2020-02-14,,,,,,rps_lng-CVA21000871,,,,,,,,,,,,,,,,,,,2024-07-01T00:00:00+01:00,100005,,,Monthly,385.02,,,,,,,,,,,,,,,,,,,,,
rps_lng-CVA210114,rps_lng-CVA210420,2023-08-01,2023-08-01,2024-01-31,,,,,,rps_lng-CVA21000875,,,,,,,,,,,,,,,,,,,,100005,,,Monthly,430.36,,,,,,,,,,,,,,,,,,,rps_lng-CVA21000876,,
rps_lng-CVA210576,rps_lng-CVA210429,2022-11-16,2022-11-16,2023-11-15,,,,,,rps_lng-CVA21000885,,,,,,,,,,,,,,,,,,,,100005,,,Monthly,450.15,,,,,,,,,,,,,,,,,,,,,
rps_lng-CVA210120,rps_lng-CVA210435,2023-07-01,2023-07-01,2024-06-30,,,,,,rps_lng-CVA21000891,,,,,,,,,,,,,,,,,,,2024-03-01T00:00:00+00:00,100005,,,Monthly,585.01,,,,31/08/2023,0.0,,,,,,,,,,,,,,,,
rps_lng-CVA210612,rps_lng-CVA210436,2023-01-08,2023-01-08,2024-01-07,,,,,,rps_lng-CVA21001256,,,,,,,,,,,,,,,,,,,,100005,,,Monthly,365.0,,,,31/08/2023,0.0,,,,,,,,,,,,,,rps_lng-CVA21001257,,
rps_lng-HDO230832,rps_lng-CVA210439,2023-07-17,2023-07-17,2024-07-16,,,,,,rps_lng-HDO23002242,,,,,,,,,,,,,,,,,,,,100005,,,Monthly,619.99,,,,,,,,,,,,,,,,,,,rps_lng-HDO23002241,,
rps_lng-HDO210795,rps_lng-CVA210459,2023-07-06,2023-07-06,2024-07-05,,,,,,rps_lng-HDO21001794,,,,,,,,,,,,,,,,,,,2024-04-01T16:00:00+01:00,100005,,,Monthly,399.98,,,,05/09/2023,1738.0,,,,,,,,,,,,,,rps_lng-HDO21001793,,
rps_lng-CVA210531,rps_lng-CVA210465,2023-04-04,2023-04-04,2024-04-03,,,,,,rps_lng-CVA21001206,,,,,,,,,,,,,,,,,,,,100005,,,Monthly,460.04,,,,,,,,,,,,,,,,,,,,,
rps_lng-HDO230052,rps_lng-CVA210491,2023-01-20,2023-01-20,2024-01-19,,,,,,rps_lng-HDO23000107,,,,,,,,,,,,,,,,,,,,100005,,,Monthly,330.02,,,,19/09/2023,0.0,,,,,,,,,,,,,,,,
rps_lng-HDO230148,rps_lng-CVA210507,2023-02-18,2023-02-18,2024-02-17,,,,,,rps_lng-HDO23000408,,,,,,,,,,,,,,,,,,,,100005,,,Monthly,425.06,,,,,,,,,,,,,,,,,,,,,
rps_lng-HDO211592,rps_lng-CVA210542,2022-12-17,2022-12-17,2023-12-16,,,,,,rps_lng-HDO21003400,,,,,,,,,,,,,,,,,,,,100005,,,Monthly,440.02,,,,16/09/2023,0.0,,,,,,,,,,,,,,,,
rps_lng-CVA210286,rps_lng-CVA210579,2023-07-01,2023-07-01,2024-06-30,,,,,,rps_lng-CVA21001062,,,,,,,,,,,,,,,,,,,,100005,,,Monthly,480.07,,,,,,,,,,,,,,,,,,,,,
rps_lng-HDO230886,rps_lng-CVA210610,2023-07-15,2023-07-15,2024-07-14,,,,,,rps_lng-HDO23002388,,,,,,,,,,,,,,,,,,,,100005,,,Monthly,550.03,,,,,,,,,,,,,,,,,,,rps_lng-HDO23002387,,
rps_lng-HDO220102,rps_lng-CVA210616,2022-01-22,2022-01-22,2023-01-21,,,,,,rps_lng-HDO22000219,,,,,,,,,,,,,,,,,,,2023-10-03T14:00:00+01:00,100005,,,Monthly,575.11,,,,,,,,,,,,,,,,,,,rps_lng-HDO22000220,,
rps_lng-HDO221070,rps_lng-CVA210647,2023-08-05,2023-08-05,2024-08-04,,,,,,rps_lng-HDO22002323,,,,,,,,,,,,,,,,,,,,100005,,,Monthly,410.1,,,,04/09/2023,0.0,,,,,,,,,,,,,,rps_lng-HDO22002322,,
rps_lng-RPT191479,rps_lng-HDO080004,2022-10-02,2022-10-02,2023-10-01,,,,,,rps_lng-HDO18000143,,,,,,,,,,,,,,,,,,,,100005,,,Monthly,400.0,,,,,,,,,,,,,,,,,,,rps_lng-HDO18000144,,
rps_lng-HDO200373,rps_lng-HDO080019,2022-07-01,2022-07-01,2023-06-30,,,,,,rps_lng-HDO20000904,,,,,,,,,,,,,,,,,,2020-07-15T11:00:00+01:00,2024-04-01T16:00:00+01:00,100005,,,Monthly,399.98,,,,,,,,,,,,,,,,,,,rps_lng-HDO20000905,rps_lng-HDO20000906,
rps_lng-HDO200885,rps_lng-HDO090003,2022-05-14,2022-05-14,2024-05-13,,,,,,rps_lng-HDO20001880,,,,,,,,,,,,,,,,,,,,100005,,,Monthly,374.89,,,,12/09/2023,0.0,,,,,,,,,,,,,,rps_lng-HDO20001879,,
rps_lng-HDO230011,rps_lng-HDO090030,2023-01-16,2023-01-16,2024-01-15,,,,,,rps_lng-HDO23000029,,,,,,,,,,,,,,,,,,,,100005,,,Monthly,409.87,,,,15/09/2023,0.0,,,,,,,,,,,,,,,,
rps_lng-RPT190766,rps_lng-HDO100024,2023-09-24,2023-09-24,2024-09-23,,,,,,rps_lng-HDO10000016,,,,,,,,,,,,,,,,,,,2024-06-01T10:00:00+01:00,100005,,,Monthly,410.1,,,,25/08/2023,0.0,,,,,,,,,,,,,,rps_lng-HDO10000017,,
rps_lng-HDO190051,rps_lng-HDO110042,2022-08-04,2022-08-04,2023-08-03,,,,,,rps_lng-HDO19002790,,,,,,,,,,,,,,,,,,,,100005,,,Monthly,390.08,,,,,,,,,,,,,,,,,,,rps_lng-HDO19002789,,
rps_lng-RPT191230,rps_lng-HDO110043,2023-09-14,2023-09-14,2024-09-13,,,,,,rps_lng-HDO12000211,,,,,,,,,,,,,,,,,,,,100005,,,Weekly,339.91,,,,,,,,,,,,,,,,,,,,,
rps_lng-RPT191104,rps_lng-HDO120044,2023-06-08,2023-06-08,2024-06-07,,,,,,rps_lng-HDO12000189,,,,,,,,,,,,,,,,,,,,100005,,,Monthly,440.02,,,,,,,,,,,,,,,,,,,,,
rps_lng-HDO220799,rps_lng-HDO120056,2023-06-17,2023-06-17,2024-06-16,,,,,,rps_lng-HDO22001668,,,,,,,,,,,,,,,,,,,,100005,,,Monthly,489.96,,,,,,,,,,,,,,,,,,,rps_lng-HDO22001667,,
rps_lng-RPT190138,rps_lng-HDO120064,2023-06-13,2023-06-13,2024-06-12,,,,,,rps_lng-HDO16000146,,,,,,,,,,,,,,,,,,2020-01-01T10:00:00+00:00,,100005,,,Monthly,410.1,,,,12/09/2023,0.0,,,,,,,,,,,,,,rps_lng-HDO16000147,,
rps_lng-RPT190797,rps_lng-HDO120067,2021-07-01,2021-07-01,2024-06-30,,,,,,rps_lng-HDO12000138,,,,,,,,,,,,,,,,,,2019-11-21T13:00:00+00:00,,100005,,,Monthly,390.08,,,,,,,,,,,,,,,,,,,rps_lng-HDO12000139,,
rps_lng-HDO221288,rps_lng-HDO120069,2022-10-14,2022-10-14,2023-10-13,,,,,,rps_lng-HDO22002929,,,,,,,,,,,,,,,,,,,,100005,,,Monthly,500.09,,,,,,,,,,,,,,,,,,,rps_lng-HDO22002928,,
rps_lng-HDO190695,rps_lng-HDO120074,2023-02-24,2023-02-24,2024-02-23,,,,,,rps_lng-HDO19004475,,,,,,,,,,,,,,,,,,,2023-09-01T11:00:00+01:00,100005,,,Monthly,434.96,,,,23/08/2023,0.0,,,,,,,,,,,,,,rps_lng-HDO19004474,,
rps_lng-HDO211235,rps_lng-HDO120111,2022-10-08,2022-10-08,2023-10-07,,,,,,rps_lng-HDO21002683,,,,,,,,,,,,,,,,,,,,100005,,,Monthly,370.06,,,,07/09/2023,3216.0,,,,,,,,,,,,,,,,
rps_lng-HDO221625,rps_lng-HDO120207,2022-12-05,2022-12-05,2023-12-04,,,,,,rps_lng-HDO20001703,,,,,,,,,,,,,,,,,,,,100005,,,Monthly,390.08,,,,,,,,,,,,,,,,,,,,,
rps_lng-HDO210581,rps_lng-HDO120330,2021-05-17,2021-05-17,2022-05-16,,,,,,rps_lng-HDO21001334,,,,,,,,,,,,,,,,,,,,100005,,,Monthly,394.92,,,,16/09/2023,1716.0,,,,,,,,,,,,,,,,
rps_lng-HDO230209,rps_lng-HDO120453,2023-02-10,2023-02-10,2024-02-09,,,,,,rps_lng-HDO23000604,,,,,,,,,,,,,,,,,,,,100005,,,Monthly,520.11,,,,,,,,,,,,,,,,,,,,,
rps_lng-HDO221664,rps_lng-HDO130025,2022-11-25,2022-11-25,2023-11-24,,,,,,rps_lng-HDO22003809,,,,,,,,,,,,,,,,,,2023-01-12T13:00:00+00:00,,100005,,,Monthly,420.0,,,,,,,,,,,,,,,,,,,,,
rps_lng-HDO221322,rps_lng-HDO130049,2022-09-21,2022-09-21,2023-09-20,,,,,,rps_lng-HDO22003010,,,,,,,,,,,,,,,,,,,,100005,,,Monthly,489.96,,,,,,,,,,,,,,,,,,,rps_lng-HDO22003009,,
rps_lng-HDO221196,rps_lng-HDO130078,2022-08-23,2022-08-23,2023-08-22,,,,,,rps_lng-HDO21001050,,,,,,,,,,,,,,,,,,,,100005,,,Monthly,420.0,,,,22/08/2023,260.0,,,,,,,,,,,,,,,,
rps_lng-HDO220125,rps_lng-HDO130248,2023-07-28,2023-07-28,2024-02-27,,,,,,rps_lng-HDO22000275,,,,,,,,,,,,,,,,,,,,100005,,,Monthly,335.08,,,,27/08/2023,0.0,,,,,,,,,,,,,,,,
rps_lng-RPT190209,rps_lng-HDO140009,2022-06-18,2022-06-18,2024-06-17,,,,,,rps_lng-HDO14000229,,,,,,,,,,,,,,,,,,,,100005,,,Monthly,349.81,,,,17/09/2023,1524.0,,,,,,,,,,,,,,rps_lng-HDO14000230,,
rps_lng-RPT190694,rps_lng-HDO140026,2021-11-22,2021-11-22,2022-11-21,,,,,,rps_lng-HDO17000085,,,,,,,,,,,,,,,,,,,,100005,,,Monthly,420.0,,,,,,,,,,,,,,,,,,,,,
rps_lng-HDO210227,rps_lng-HDO140044,2023-07-06,2023-07-06,2024-07-05,,,,,,rps_lng-HDO21000526,,,,,,,,,,,,,,,,,,,2024-06-01T12:00:00+01:00,100005,,,Monthly,359.93,,,,,,,,,,,,,,,,,,,,,
rps_lng-RPT190045,rps_lng-HDO150004,2023-09-20,2023-09-20,2024-09-19,,,,,,rps_lng-WES19000018,,,,,,,,,,,,,,,,,,,,100005,,,Monthly,464.88,,,,,,,,,,,,,,,,,,,,,
rps_lng-HDO230885,rps_lng-HDO150011,2023-07-15,2023-07-15,2024-07-14,,,,,,rps_lng-HDO23002386,,,,,,,,,,,,,,,,,,,,100005,,,Monthly,500.09,,,,,,,,,,,,,,,,,,,,,
rps_lng-RPT190782,rps_lng-HDO150017,2022-05-24,2022-05-24,2023-05-23,,,,,,rps_lng-HDO15000177,,,,,,,,,,,,,,,,,,,2024-02-01T17:00:00+00:00,100005,,,Monthly,500.09,,,,24/08/2023,1763.69,,,,,,,,,,,,,,rps_lng-HDO15000178,,
rps_lng-HDO221820,rps_lng-HDO150022,2022-12-30,2022-12-30,2024-01-29,,,,,,rps_lng-HDO22004189,,,,,,,,,,,,,,,,,,,,100005,,,Monthly,395.15,,,,,,,,,,,,,,,,,,,,,
rps_lng-HDO220587,rps_lng-HDO150030,2023-04-29,2023-04-29,2024-04-28,,,,,,rps_lng-HDO22001163,,,,,,,,,,,,,,,,,,,,100005,,,Monthly,375.12,,,,,,,,,,,,,,,,,,,,,
rps_lng-RPT191455,rps_lng-HDO150038,2023-07-04,2023-07-04,2024-07-03,,,,,,rps_lng-HDO15000146,,,,,,,,,,,,,,,,,,,,100005,,,Monthly,449.92,,,,03/09/2023,1955.0,,,,,,,,,,,,,,,,
rps_lng-CHA190010,rps_lng-HDO150046,2019-04-01,2019-04-01,2020-03-31,,,,,,rps_lng-CHA19000016,,,,,,,,,,,,,,,,,,,2024-01-20T14:00:00+00:00,100005,,,Monthly,530.01,,,,,,,,,,,,,,,,,,,rps_lng-CHA19000017,,
rps_lng-HDO191196,rps_lng-HDO150053,2022-12-03,2022-12-03,2023-12-02,,,,,,rps_lng-HDO19005798,,,,,,,,,,,,,,,,,,2020-01-01T10:00:00+00:00,,100005,,,Monthly,379.96,,,,,,,,,,,,,,,,,,,rps_lng-HDO19005797,,
rps_lng-HDO221847,rps_lng-HDO150063,2023-01-12,2023-01-12,2024-02-11,,,,,,rps_lng-HDO22004259,,,,,,,,,,,,,,,,,,,,100005,,,Monthly,640.01,,,,,,,,,,,,,,,,,,,,,
rps_lng-HDO221542,rps_lng-HDO150122,2022-11-06,2022-11-06,2023-11-05,,,,,,rps_lng-HDO22003561,,,,,,,,,,,,,,,,,,,,100005,,,Monthly,2000.12,,,,,,,,,,,,,,,,,,,,,
rps_lng-HDO200832,rps_lng-HDO160004,2022-12-02,2022-12-02,2023-11-01,,,,,,rps_lng-HDO20001781,,,,,,,,,,,,,,,,,,,,100005,,,Monthly,360.16,,,,01/09/2023,1892.0,,,,,,,,,,,,,,,,
rps_lng-RPT190228,rps_lng-HDO160020,2023-01-30,2023-01-30,2024-01-29,,,,,,rps_lng-HDO17000226,,,,,,,,,,,,,,,,,,,2023-09-14T12:00:00+01:00,100005,,,Weekly,385.0,,,,,,,,,,,,,,,,,,,rps_lng-HDO17000227,,
rps_lng-HDO211301,rps_lng-HDO160024,2022-10-23,2022-10-23,2023-10-22,,,,,,rps_lng-HDO21002809,,,,,,,,,,,,,,,,,,,,100005,,,Monthly,339.91,,,,,,,,,,,,,,,,,,,rps_lng-HDO21002810,,
rps_lng-HDO210661,rps_lng-HDO160035,2023-06-04,2023-06-04,2024-06-03,,,,,,rps_lng-HDO21001483,,,,,,,,,,,,,,,,,,,,100005,,,Monthly,480.07,,,,03/09/2023,1955.0,,,,,,,,,,,,,,,,
rps_lng-RPT191372,rps_lng-HDO160048,2022-09-30,2022-09-30,2023-09-29,,,,,,rps_lng-HDO16000062,,,,,,,,,,,,,,,,,,,,100005,,,Monthly,380.19,,,,,,,,,,,,,,,,,,,rps_lng-HDO16000063,,
rps_lng-HDO220882,rps_lng-HDO170001,2023-07-02,2023-07-02,2024-07-01,,,,,,rps_lng-HDO22001893,,,,,,,,,,,,,,,,,,,,100005,,,Monthly,319.89,,,,,,,,,,,,,,,,,,,,,
rps_lng-HDO230249,rps_lng-HDO170004,2023-02-23,2023-02-23,2024-02-22,,,,,,rps_lng-HDO23000737,,,,,,,,,,,,,,,,,,,,100005,,,Monthly,385.02,,,,,,,,,,,,,,,,,,,rps_lng-HDO23000736,,
rps_lng-HDO230214,rps_lng-HDO170008,2023-02-18,2023-02-18,2024-02-17,,,,,,rps_lng-HDO23000621,,,,,,,,,,,,,,,,,,,,100005,,,Monthly,385.02,,,,17/09/2023,0.0,,,,,,,,,,,,,,,,
rps_lng-RPT191113,rps_lng-HDO170020,2022-07-03,2022-07-03,2023-07-02,,,,,,rps_lng-HDO17000223,,,,,,,,,,,,,,,,,,,,100005,,,Monthly,359.93,,,,03/08/2023,0.0,,,,,,,,,,,,,,rps_lng-HDO17000224,,
rps_lng-HDO230567,rps_lng-HDO170028,2023-05-06,2023-05-06,2024-05-05,,,,,,rps_lng-HDO23001575,,,,,,,,,,,,,,,,,,,,100005,,,Monthly,489.96,,,,,,,,,,,,,,,,,,,,,
rps_lng-HDO210967,rps_lng-HDO170073,2023-08-07,2023-08-07,2024-08-06,,,,,,rps_lng-HDO21002160,,,,,,,,,,,,,,,,,,,2024-05-01T11:00:00+01:00,100005,,,Monthly,449.92,,,,,,,,,,,,,,,,,,,rps_lng-JAM23000010,,
rps_lng-HDO210290,rps_lng-HDO170074,2021-03-12,2021-03-12,2022-03-11,,,,,,rps_lng-HDO21000690,,,,,,,,,,,,,,,,,,,2023-12-01T12:00:00+00:00,100005,,,Monthly,410.1,,,,11/09/2023,1827.5,,,,,,,,,,,,,,,,
rps_lng-HDO210319,rps_lng-HDO170231,2021-03-01,2021-03-01,2022-02-28,,,,,,rps_lng-HDO19002647,,,,,,,,,,,,,,,,,,,2023-12-01T16:00:00+00:00,100005,,,Monthly,0.0,,,,,0.0,,,,,,,,,,,,,,,,
rps_lng-HDO200022,rps_lng-HDO170235,2023-02-06,2023-02-06,2023-11-05,,,,,,rps_lng-HDO20000040,,,,,,,,,,,,,,,,,,2023-08-01T10:00:00+01:00,,100005,,,Monthly,489.96,,,,05/09/2023,1.0,,,,,,,,,,,,,,,,
rps_lng-HDO200233,rps_lng-HDO180001,2022-10-15,2022-10-15,2023-10-14,,,,,,rps_lng-HDO20000607,,,,,,,,,,,,,,,,,,,,100005,,,Weekly,359.93,,,,,,,,,,,,,,,,,,,,,
rps_lng-HDO230024,rps_lng-HDO180003,2023-01-13,2023-01-13,2024-01-12,,,,,,rps_lng-HDO23000053,,,,,,,,,,,,,,,,,,,,100005,,,Monthly,509.98,,,,,,,,,,,,,,,,,,,rps_lng-HDO23000051,rps_lng-HDO23000052,
rps_lng-HDO220419,rps_lng-HDO180012,2023-03-29,2023-03-29,2024-03-28,,,,,,rps_lng-HDO22000853,,,,,,,,,,,,,,,,,,,,100005,,,Monthly,370.06,,,,28/08/2023,0.0,,,,,,,,,,,,,,rps_lng-HDO22000852,,
rps_lng-RPT190888,rps_lng-HDO180028,2018-06-30,2018-06-30,2021-06-29,,,,,,rps_lng-HDO18000050,,,,,,,,,,,,,,,,,,,2024-07-01T11:00:00+01:00,100005,,,Monthly,410.1,,,,31/08/2023,1793.16,,,,,,,,,,,,,,rps_lng-HDO18000051,,
rps_lng-HDO230018,rps_lng-HDO180030,2023-01-20,2023-01-20,2024-01-19,,,,,,rps_lng-HDO23000042,,,,,,,,,,,,,,,,,,,,100005,,,Monthly,365.0,,,,,,,,,,,,,,,,,,,rps_lng-HDO23000041,,
rps_lng-HDO200265,rps_lng-HDO180055,2023-07-12,2023-07-12,2024-07-11,,,,,,rps_lng-HDO20000666,,,,,,,,,,,,,,,,,,,,100005,,,Monthly,344.98,,,,11/09/2023,1695.0,,,,,,,,,,,,,,,,
rps_lng-RPT198358,rps_lng-HDO180135,2021-03-01,2021-03-01,2022-02-28,,,,,,rps_lng-HDO18001444,,,,,,,,,,,,,,,,,,,,100005,,,Monthly,418.85,,,,,,,,,,,,,,,,,,,,,
rps_lng-HDO201019,rps_lng-HDO190007,2023-02-23,2023-02-23,2024-01-22,,,,,,rps_lng-HDO20002165,,,,,,,,,,,,,,,,,,,2023-09-01T16:00:00+01:00,100005,,,Monthly,410.1,,,,17/09/2023,170.73,,,,,,,,,,,,,,,,
rps_lng-HDO190387,rps_lng-HDO190063,2023-09-22,2023-09-22,2025-09-21,,,,,,rps_lng-HDO19003587,,,,,,,,,,,,,,,,,,2020-02-01T12:00:00+00:00,,100005,,,Monthly,500.09,,,,,,,,,,,,,,,,,,,rps_lng-HDO19003588,,
rps_lng-HDO211616,rps_lng-HDO190066,2022-12-20,2022-12-20,2023-12-19,,,,,,rps_lng-HDO21003460,,,,,,,,,,,,,,,,,,,,100005,,,Monthly,324.95,,,,19/09/2023,0.0,,,,,,,,,,,,,,,,
rps_lng-HDO221802,rps_lng-HDO190067,2022-12-30,2022-12-30,2023-12-29,,,,,,rps_lng-HDO22004139,,,,,,,,,,,,,,,,,,,,100005,,,Monthly,460.04,,,,29/08/2023,0.0,,,,,,,,,,,,,,rps_lng-HDO22004138,,
rps_lng-HDO221631,rps_lng-HDO190070,2022-11-18,2022-11-18,2023-11-17,,,,,,rps_lng-HDO22003737,,,,,,,,,,,,,,,,,,,,100005,,,Monthly,420.0,,,,17/09/2023,5475.0,,,,,,,,,,,,,,,,
rps_lng-HDO211190,rps_lng-HDO190075,2021-10-01,2021-10-01,2023-09-30,,,,,,rps_lng-HDO21002607,,,,,,,,,,,,,,,,,,,,100005,,,Monthly,390.08,,,,31/08/2023,831.0,,,,,,,,,,,,,,rps_lng-HDO21002606,,
rps_lng-HDO231027,rps_lng-HDO190076,2023-08-16,2023-08-16,2024-08-15,,,,,,rps_lng-HDO23002742,,,,,,,,,,,,,,,,,,,,100005,,,Monthly,550.03,,,,15/09/2023,4780.0,,,,,,,,,,,,,,,,
rps_lng-HDO230234,rps_lng-HDO190091,2023-02-22,2023-02-22,2024-02-21,,,,,,rps_lng-HDO23000666,,,,,,,,,,,,,,,,,,,,100005,,,Monthly,449.92,,,,21/09/2023,0.0,,,,,,,,,,,,,,rps_lng-HDO23000665,,
rps_lng-HDO230649,rps_lng-HDO190115,2023-05-20,2023-05-20,2024-05-19,,,,,,rps_lng-HDO23001784,,,,,,,,,,,,,,,,,,,,100005,,,Monthly,449.92,,,,,,,,,,,,,,,,,,,rps_lng-HDO23001783,,
rps_lng-RPT191227,rps_lng-HDO190122,2022-11-22,2022-11-22,2023-11-20,,,,,,rps_lng-HDO19000427,,,,,,,,,,,,,,,,,,2019-12-01T10:00:00+00:00,,100005,,,Monthly,440.02,,,,21/09/2023,118.0,,,,,,,,,,,,,,rps_lng-HDO19000428,,
rps_lng-WES200030,rps_lng-HDO190126,2022-03-27,2022-03-27,2023-03-26,,,,,,rps_lng-WES20000072,,,,,,,,,,,,,,,,,,,2023-09-01T11:00:00+01:00,100005,,,Monthly,550.03,,,,,,,,,,,,,,,,,,,rps_lng-WES20000071,,
rps_lng-HDO220298,rps_lng-HDO190133,2023-03-11,2023-03-11,2024-03-10,,,,,,rps_lng-HDO22000608,,,,,,,,,,,,,,,,,,,,100005,,,Monthly,365.0,,,,,,,,,,,,,,,,,,,,,
rps_lng-HDO221687,rps_lng-HDO190134,2022-12-02,2022-12-02,2023-12-01,,,,,,rps_lng-HDO22003877,,,,,,,,,,,,,,,,,,,,100005,,,Monthly,440.02,,,,01/09/2023,0.0,,,,,,,,,,,,,,rps_lng-HDO22003876,,
rps_lng-HDO210836,rps_lng-HDO190140,2023-07-08,2023-07-08,2024-07-07,,,,,,rps_lng-HDO21001889,,,,,,,,,,,,,,,,,,,,100005,,,Monthly,375.12,,,,07/09/2023,0.0,,,,,,,,,,,,,,rps_lng-HDO21001888,,
rps_lng-HDO230944,rps_lng-HDO190172,2023-07-29,2023-07-29,2024-07-28,,,,,,rps_lng-HDO23002551,,,,,,,,,,,,,,,,,,,,100005,,,Monthly,520.11,,,,28/08/2023,4520.0,,,,,,,,,,,,,,rps_lng-HDO23002550,,
rps_lng-HDO230664,rps_lng-HDO190173,2023-06-02,2023-06-02,2024-06-01,,,,,,rps_lng-HDO23001821,,,,,,,,,,,,,,,,,,,,100005,,,Monthly,500.09,,,,,,,,,,,,,,,,,,,,,
rps_lng-HDO200846,rps_lng-HDO190174,2022-08-07,2022-08-07,2023-08-06,,,,,,rps_lng-HDO20001810,,,,,,,,,,,,,,,,,,,,100005,,,Monthly,399.98,,,,06/08/2023,1638.0,,,,,,,,,,,,,,,,
rps_lng-HDO220196,rps_lng-HDO190175,2023-05-17,2023-05-17,2023-11-16,,,,,,rps_lng-HDO22000397,,,,,,,,,,,,,,,,,,,,100005,,,Monthly,399.98,,,,16/09/2023,0.0,,,,,,,,,,,,,,rps_lng-HDO22000396,,
rps_lng-HDO221299,rps_lng-HDO190184,2022-09-16,2022-09-16,2023-10-27,,,,,,rps_lng-HDO22002959,,,,,,,,,,,,,,,,,,,,100005,,,Monthly,680.05,,,,15/09/2023,0.0,,,,,,,,,,,,,,rps_lng-HDO22002958,,
rps_lng-RPT190732,rps_lng-HDO190201,2023-03-16,2023-03-16,2025-01-15,,,,,,rps_lng-HDO19000193,,,,,,,,,,,,,,,,,,,,100005,,,Monthly,429.9,,,,,,,,,,,,,,,,,,,,,
rps_lng-JAM200015,rps_lng-HDO190208,2023-09-30,2023-09-30,2024-09-29,,,,,,rps_lng-JAM20000046,,,,,,,,,,,,,,,,,,2022-12-01T15:00:00+00:00,,100005,,,Monthly,460.04,,,,,,,,,,,,,,,,,,,,,
rps_lng-HDO190423,rps_lng-HDO190214,2023-07-27,2023-07-27,2024-07-26,,,,,,rps_lng-HDO19003674,,,,,,,,,,,,,,,,,,,,100005,,,Monthly,420.0,,,,26/08/2023,0.0,,,,,,,,,,,,,,rps_lng-HDO19003675,,
rps_lng-HDO221771,rps_lng-HDO190229,2022-12-13,2022-12-13,2023-12-12,,,,,,rps_lng-HDO22004065,,,,,,,,,,,,,,,,,,,,100005,,,Monthly,374.89,,,,12/09/2023,0.0,,,,,,,,,,,,,,rps_lng-HDO22004064,,
rps_lng-HDO230913,rps_lng-HDO190264,2023-07-29,2023-07-29,2024-07-28,,,,,,rps_lng-HDO23002456,,,,,,,,,,,,,,,,,,,,100005,,,Monthly,370.06,,,,28/08/2023,3216.0,,,,,,,,,,,,,,,,
rps_lng-HDO211553,rps_lng-HDO190265,2023-04-07,2023-04-07,2023-12-06,,,,,,rps_lng-HDO21003321,,,,,,,,,,,,,,,,,,,,100005,,,Monthly,399.98,,,,,,,,,,,,,,,,,,,,,
rps_lng-HDO210597,rps_lng-HDO190267,2023-05-31,2023-05-31,2024-05-30,,,,,,rps_lng-HDO21001366,,,,,,,,,,,,,,,,,,,,100005,,,Monthly,379.96,,,,30/08/2023,0.0,,,,,,,,,,,,,,,,
rps_lng-RPT191548,rps_lng-HDO190289,2015-09-11,2015-09-11,2023-09-10,,,,,,rps_lng-HDO19000372,,,,,,,,,,,,,,,,,,,,100005,,,Monthly,370.06,,,,,,,,,,,,,,,,,,,,,
rps_lng-RPT190222,rps_lng-HDO190320,2022-08-06,2022-08-06,2023-08-05,,,,,,rps_lng-HDO19000404,,,,,,,,,,,,,,,,,,,,100005,,,Monthly,405.04,,,,05/08/2023,1760.0,,,,,,,,,,,,,,rps_lng-HDO19000405,,
rps_lng-HDO210100,rps_lng-HDO190321,2023-02-01,2023-02-01,2024-01-31,,,,,,rps_lng-HDO21000197,,,,,,,,,,,,,,,,,,,,100005,,,Monthly,390.08,,,,,,,,,,,,,,,,,,,rps_lng-HDO21000198,,
rps_lng-HDO230693,rps_lng-HDO190329,2023-05-29,2023-05-29,2024-05-28,,,,,,rps_lng-HDO23001886,,,,,,,,,,,,,,,,,,,,100005,,,Monthly,469.94,,,,28/08/2023,0.0,,,,,,,,,,,,,,rps_lng-HDO23001885,,
rps_lng-HDO221271,rps_lng-HDO190398,2022-09-15,2022-09-15,2024-09-15,,,,,,rps_lng-HDO22002885,,,,,,,,,,,,,,,,,,,,100005,,,Monthly,509.98,,,,14/09/2023,0.0,,,,,,,,,,,,,,,,
rps_lng-HDO190215,rps_lng-HDO190507,2020-06-11,2020-06-11,2021-06-10,,,,,,rps_lng-HDO19003160,,,,,,,,,,,,,,,,,,,2024-06-01T13:00:00+01:00,100005,,,Monthly,704.91,,,,10/09/2023,2988.71,,,,,,,,,,,,,,rps_lng-JAM19000012,rps_lng-JAM20000128,
rps_lng-HDO210324,rps_lng-HDO190510,2023-03-31,2023-03-31,2024-03-30,,,,,,rps_lng-HDO21000773,,,,,,,,,,,,,,,,,,,,100005,,,Monthly,750.02,,,,30/08/2023,3457.0,,,,,,,,,,,,,,,,
rps_lng-HDO230795,rps_lng-HDO190511,2023-07-07,2023-07-07,2024-07-06,,,,,,rps_lng-HDO23002145,,,,,,,,,,,,,,,,,,,,100005,,,Monthly,649.91,,,,06/09/2023,0.0,,,,,,,,,,,,,,rps_lng-HDO23002144,,
rps_lng-HDO200768,rps_lng-HDO190529,2022-12-29,2022-12-29,2024-12-28,,,,,,rps_lng-HDO20001655,,,,,,,,,,,,,,,,,,,,100005,,,Monthly,550.03,,,,28/08/2023,2390.0,,,,,,,,,,,,,,rps_lng-HDO20001654,,
rps_lng-HDO200956,rps_lng-HDO190539,2023-02-12,2023-02-12,2024-02-11,,,,,,rps_lng-HDO20002040,,,,,,,,,,,,,,,,,,,,100005,,,Monthly,350.04,,,,,,,,,,,,,,,,,,,rps_lng-HDO20002039,,
rps_lng-HDO230884,rps_lng-HDO190540,2023-08-01,2023-08-01,2023-11-30,,,,,,rps_lng-HDO23002384,,,,,,,,,,,,,,,,,,,,100005,,,Monthly,2699.97,,,,,,,,,,,,,,,,,,,rps_lng-HDO23002383,,
rps_lng-SAN210008,rps_lng-HDO190542,2021-10-15,2021-10-15,2023-10-14,,,,,,rps_lng-HDO21002976,,,,,,,,,,,,,,,,,,,,100005,,,Monthly,2399.87,,,,,,,,,,,,,,,,,,,rps_lng-SAN21000043,,
rps_lng-HDO200641,rps_lng-HDO190548,2020-09-18,2020-09-18,2021-09-19,,,,,,rps_lng-HDO20001407,,,,,,,,,,,,,,,,,,,2024-02-01T15:00:00+00:00,100005,,,Monthly,330.02,,,,17/09/2023,0.0,,,,,,,,,,,,,,,,
rps_lng-HDO221242,rps_lng-HDO190552,2023-10-06,2023-10-06,2024-10-05,,,,,,rps_lng-HDO22002815,,,,,,,,,,,,,,,,,,,,100005,,,Monthly,449.92,,,,05/09/2023,0.0,,,,,,,,,,,,,,rps_lng-HDO22002814,,
rps_lng-HDO210018,rps_lng-HDO190581,2021-01-22,2021-01-22,2021-07-21,,,,,,rps_lng-HDO21000039,,,,,,,,,,,,,,,,,,,2024-03-01T21:00:00+00:00,100005,,,Monthly,480.07,,,,21/09/2023,0.0,,,,,,,,,,,,,,,,
rps_lng-HDO210334,rps_lng-HDO190587,2021-03-19,2021-03-19,2022-03-18,,,,,,rps_lng-HDO21000794,,,,,,,,,,,,,,,,,,,2024-01-01T10:00:00+00:00,100005,,,Monthly,900.07,,,,18/09/2023,0.0,,,,,,,,,,,,,,rps_lng-HDO21000793,,
rps_lng-HDO221870,rps_lng-HDO190592,2023-01-09,2023-01-09,2025-01-08,,,,,,rps_lng-HDO22004303,,,,,,,,,,,,,,,,,,,,100005,,,Monthly,979.92,,,,,,,,,,,,,,,,,,,,,
rps_lng-HDO221039,rps_lng-HDO190608,2023-08-02,2023-08-02,2024-05-01,,,,,,rps_lng-HDO22002245,,,,,,,,,,,,,,,,,,,,100005,,,Monthly,539.9,,,,01/09/2023,0.0,,,,,,,,,,,,,,rps_lng-HDO22002244,,
rps_lng-HDO221578,rps_lng-HDO190628,2022-11-15,2022-11-15,2023-11-14,,,,,,rps_lng-HDO22002885,,,,,,,,,,,,,,,,,,,,100005,,,Monthly,449.92,,,,14/09/2023,0.0,,,,,,,,,,,,,,,,
rps_lng-HDO200831,rps_lng-HDO190630,2023-06-16,2023-06-16,2024-06-15,,,,,,rps_lng-HDO20001779,,,,,,,,,,,,,,,,,,2023-08-01T15:00:00+01:00,,100005,,,Monthly,368.22,,,,15/09/2023,1701.0,,,,,,,,,,,,,,rps_lng-HDO20001780,,
rps_lng-HDO191065,rps_lng-HDO190634,2019-12-14,2019-12-14,2024-03-31,,,,,,rps_lng-HDO19005473,,,,,,,,,,,,,,,,,,,,100005,,,Monthly,695.01,,,,,,,,,,,,,,,,,,,rps_lng-HDO19005474,,
rps_lng-HDO190414,rps_lng-HDO190685,2023-07-20,2023-07-20,2024-07-19,,,,,,rps_lng-HDO19003656,,,,,,,,,,,,,,,,,,,,100005,,,Monthly,500.09,,,,,,,,,,,,,,,,,,,rps_lng-HDO19003655,,
rps_lng-HDO190718,rps_lng-HDO190917,2022-10-11,2022-10-11,2023-10-10,,,,,,rps_lng-HDO19004541,,,,,,,,,,,,,,,,,,,2023-10-01T14:00:00+01:00,100005,,,Monthly,380.19,,,,,,,,,,,,,,,,,,,,,
rps_lng-HDO230965,rps_lng-HDO190952,2023-08-04,2023-08-04,2024-08-03,,,,,,rps_lng-HDO23002600,,,,,,,,,,,,,,,,,,,,100005,,,Monthly,750.02,,,,,,,,,,,,,,,,,,,rps_lng-HDO23002599,,
rps_lng-HDO221599,rps_lng-HDO190959,2022-11-11,2022-11-11,2023-11-10,,,,,,rps_lng-HDO22003667,,,,,,,,,,,,,,,,,,,,100005,,,Monthly,420.0,,,,10/09/2023,0.0,,,,,,,,,,,,,,rps_lng-HDO22003666,,
rps_lng-HDO220998,rps_lng-HDO190995,2022-07-25,2022-07-25,2023-07-24,,,,,,rps_lng-HDO22002155,,,,,,,,,,,,,,,,,,,2024-04-01T17:00:00+01:00,100005,,,Monthly,469.94,,,,24/08/2023,0.0,,,,,,,,,,,,,,rps_lng-HDO22002154,,
rps_lng-HDO190944,rps_lng-HDO191014,2021-10-29,2021-10-29,2023-10-28,,,,,,rps_lng-HDO19005132,,,,,,,,,,,,,,,,,,2020-07-29T17:00:00+01:00,,100005,,,Monthly,539.9,,,,28/08/2023,2638.0,,,,,,,,,,,,,,rps_lng-HDO19005133,,
rps_lng-HDO230048,rps_lng-HDO191133,2023-01-27,2023-01-27,2024-01-26,,,,,,rps_lng-HDO23000102,,,,,,,,,,,,,,,,,,,,100005,,,Monthly,449.92,,,,26/08/2023,0.0,,,,,,,,,,,,,,rps_lng-HDO23000101,,
rps_lng-HDO200327,rps_lng-HDO191134,2022-02-17,2022-02-17,2022-08-16,,,,,,rps_lng-HDO20000795,,,,,,,,,,,,,,,,,,,,100005,,,Monthly,379.96,,,,16/08/2023,791.25,,,,,,,,,,,,,,rps_lng-HDO20000796,,
rps_lng-HDO191101,rps_lng-HDO191147,2022-03-19,2022-03-19,2023-03-18,,,,,,rps_lng-HDO19005557,,,,,,,,,,,,,,,,,,,2024-01-01T11:00:00+00:00,100005,,,Monthly,454.98,,,,19/09/2023,2152.8,,,,,,,,,,,,,,,,
rps_lng-HDO230311,rps_lng-HDO191230,2023-03-04,2023-03-04,2024-03-03,,,,,,rps_lng-HDO23000949,,,,,,,,,,,,,,,,,,,,100005,,,Monthly,489.96,,,,03/09/2023,0.0,,,,,,,,,,,,,,rps_lng-HDO23000948,,
rps_lng-HDO221052,rps_lng-HDO191272,2022-08-12,2022-08-12,2024-08-11,,,,,,rps_lng-HDO22002289,,,,,,,,,,,,,,,,,,,,100005,,,Monthly,500.09,,,,,,,,,,,,,,,,,,,rps_lng-HDO22002288,,
rps_lng-HDO221539,rps_lng-HDO191279,2022-10-31,2022-10-31,2023-10-30,,,,,,rps_lng-HDO22003556,,,,,,,,,,,,,,,,,,,,100005,,,Monthly,539.9,,,,,,,,,,,,,,,,,,,,,
rps_lng-HDO220561,rps_lng-HDO200014,2023-05-07,2023-05-07,2024-05-06,,,,,,rps_lng-HDO22001125,,,,,,,,,,,,,,,,,,,,100005,,,Monthly,390.08,,,,,,,,,,,,,,,,,,,,,
rps_lng-JAM200013,rps_lng-HDO200075,2022-10-20,2022-10-20,2023-10-19,,,,,,rps_lng-JAM20000042,,,,,,,,,,,,,,,,,,,2023-10-01T19:00:00+01:00,100005,,,Monthly,429.9,,,,,,,,,,,,,,,,,,,rps_lng-JAM20000043,,
rps_lng-HDO210938,rps_lng-HDO200076,2023-09-14,2023-09-14,2024-09-13,,,,,,rps_lng-HDO21002102,,,,,,,,,,,,,,,,,,,,100005,,,Monthly,450.15,,,,,,,,,,,,,,,,,,,rps_lng-HDO21002103,,
rps_lng-HDO221054,rps_lng-HDO200113,2023-08-12,2023-08-12,2024-08-11,,,,,,rps_lng-HDO22002292,,,,,,,,,,,,,,,,,,,,100005,,,Monthly,425.06,,,,11/09/2023,0.0,,,,,,,,,,,,,,,,
rps_lng-HDO230665,rps_lng-HDO200164,2023-06-03,2023-06-03,2024-06-02,,,,,,rps_lng-HDO23001825,,,,,,,,,,,,,,,,,,,2024-02-01T12:00:00+00:00,100005,,,Monthly,770.04,,,,,,,,,,,,,,,,,,,rps_lng-HDO23001823,rps_lng-HDO23001824,
rps_lng-HDO211030,rps_lng-HDO200287,2022-08-27,2022-08-27,2023-08-26,,,,,,rps_lng-HDO21002264,,,,,,,,,,,,,,,,,,,,100005,,,Monthly,399.98,,,,26/08/2023,0.0,,,,,,,,,,,,,,rps_lng-HDO21002265,,
rps_lng-HDO221263,rps_lng-HDO200296,2023-09-10,2023-09-10,2024-09-09,,,,,,rps_lng-HDO22002855,,,,,,,,,,,,,,,,,,,,100005,,,Monthly,610.09,,,,09/09/2023,0.0,,,,,,,,,,,,,,rps_lng-HDO22002854,,
rps_lng-HDO220684,rps_lng-HDO200300,2023-05-28,2023-05-28,2023-11-27,,,,,,rps_lng-HDO22001362,,,,,,,,,,,,,,,,,,,,100005,,,Monthly,390.08,,,,27/08/2023,0.0,,,,,,,,,,,,,,,,
rps_lng-HDO221693,rps_lng-HDO200325,2022-12-21,2022-12-21,2023-12-20,,,,,,rps_lng-HDO22003891,,,,,,,,,,,,,,,,,,,,100005,,,Monthly,339.91,,,,,,,,,,,,,,,,,,,rps_lng-HDO23001835,,
rps_lng-HDO230152,rps_lng-HDO200391,2023-02-04,2023-02-04,2024-02-03,,,,,,rps_lng-HDO23000432,,,,,,,,,,,,,,,,,,,,100005,,,Monthly,385.02,,,,,,,,,,,,,,,,,,,rps_lng-HDO23000431,,
rps_lng-HDO230029,rps_lng-HDO200400,2023-01-13,2023-01-13,2024-01-12,,,,,,rps_lng-HDO23000065,,,,,,,,,,,,,,,,,,,,100005,,,Monthly,375.12,,,,,,,,,,,,,,,,,,,rps_lng-HDO23000064,,
rps_lng-HDO220250,rps_lng-HDO200434,2023-02-18,2023-02-18,2024-02-17,,,,,,rps_lng-HDO22000500,,,,,,,,,,,,,,,,,,,,100005,,,Monthly,460.04,,,,,,,,,,,,,,,,,,,rps_lng-HDO22000499,,
rps_lng-HDO210374,rps_lng-HDO210031,2023-04-01,2023-04-01,2024-03-31,,,,,,rps_lng-HDO21000885,,,,,,,,,,,,,,,,,,,,100005,,,Monthly,479.84,,,,31/08/2023,195.0,,,,,,,,,,,,,,rps_lng-HDO21000886,,
rps_lng-HDO210225,rps_lng-HDO210036,2022-09-27,2022-09-27,2023-09-26,,,,,,rps_lng-HDO21000523,,,,,,,,,,,,,,,,,,,2023-09-01T12:00:00+01:00,100005,,,Monthly,330.02,,,,,,,,,,,,,,,,,,,,,
rps_lng-HDO220254,rps_lng-HDO210068,2023-03-22,2023-03-22,2024-02-21,,,,,,rps_lng-HDO22000509,,,,,,,,,,,,,,,,,,,,100005,,,Monthly,394.92,,,,,,,,,,,,,,,,,,,rps_lng-HDO22000508,,
rps_lng-HDO211379,rps_lng-HDO210078,2022-10-30,2022-10-30,2023-10-29,,,,,,rps_lng-HDO21002950,,,,,,,,,,,,,,,,,,,,100005,,,Monthly,410.1,,,,,,,,,,,,,,,,,,,rps_lng-HDO21002951,,
rps_lng-HDO210515,rps_lng-HDO210112,2022-11-10,2022-11-10,2023-05-09,,,,,,rps_lng-HDO21001186,,,,,,,,,,,,,,,,,,,2024-03-01T12:00:00+00:00,100005,,,Monthly,350.04,,,,,,,,,,,,,,,,,,,rps_lng-HDO21001187,,
rps_lng-HDO210797,rps_lng-HDO210119,2023-07-02,2023-07-02,2024-07-01,,,,,,rps_lng-HDO21001801,,,,,,,,,,,,,,,,,,,2024-04-01T17:00:00+01:00,100005,,,Monthly,390.08,,,,01/09/2023,21.0,,,,,,,,,,,,,,rps_lng-HDO21001802,,
rps_lng-HDO230160,rps_lng-HDO210128,2023-02-11,2023-02-11,2024-02-10,,,,,,rps_lng-HDO23000464,,,,,,,,,,,,,,,,,,,,100005,,,Monthly,375.12,,,,10/09/2023,0.0,,,,,,,,,,,,,,rps_lng-HDO23000463,,
rps_lng-HDO210686,rps_lng-HDO210136,2021-06-24,2021-06-24,2022-06-23,,,,,,rps_lng-HDO21001534,,,,,,,,,,,,,,,,,,,2023-12-01T20:00:00+00:00,100005,,,Monthly,449.92,,,,,,,,,,,,,,,,,,,rps_lng-JAM23000002,rps_lng-HDO21001535,
rps_lng-HDO210850,rps_lng-HDO210145,2023-08-16,2023-08-16,2024-08-15,,,,,,rps_lng-HDO21001929,,,,,,,,,,,,,,,,,,,,100005,,,Monthly,430.13,,,,,,,,,,,,,,,,,,,rps_lng-HDO21001928,rps_lng-JAM23000005,
rps_lng-HDO221194,rps_lng-HDO210146,2023-10-02,2023-10-02,2024-10-01,,,,,,rps_lng-HDO22002687,,,,,,,,,,,,,,,,,,,,100005,,,Monthly,450.15,,,,01/09/2023,0.0,,,,,,,,,,,,,,rps_lng-HDO22002686,,
rps_lng-HDO211551,rps_lng-HDO210218,2023-04-18,2023-04-18,2024-01-17,,,,,,rps_lng-HDO21003318,,,,,,,,,,,,,,,,,,,,100005,,,Monthly,530.01,,,,17/09/2023,2360.1,,,,,,,,,,,,,,,,
rps_lng-HDO220076,rps_lng-HDO210224,2023-03-22,2023-03-22,2024-01-21,,,,,,rps_lng-HDO22000169,,,,,,,,,,,,,,,,,,,,100005,,,Monthly,480.07,,,,,,,,,,,,,,,,,,,rps_lng-HDO22000168,,
rps_lng-HDO211182,rps_lng-HDO210226,2022-09-29,2022-09-29,2023-09-28,,,,,,rps_lng-HDO21002590,,,,,,,,,,,,,,,,,,,,100005,,,Monthly,399.98,,,,,,,,,,,,,,,,,,,rps_lng-HDO21002591,,
rps_lng-HDO211277,rps_lng-HDO210227,2022-10-16,2022-10-16,2023-06-15,,,,,,rps_lng-HDO21002767,,,,,,,,,,,,,,,,,,,,100005,,,Monthly,410.1,,,,15/09/2023,0.0,,,,,,,,,,,,,,rps_lng-HDO21002766,,
rps_lng-HDO210895,rps_lng-HDO210242,2023-04-07,2023-04-07,2024-04-06,,,,,,rps_lng-HDO21002936,,,,,,,,,,,,,,,,,,,2024-01-01T15:00:00+00:00,100005,,,Monthly,359.93,,,,,,,,,,,,,,,,,,,rps_lng-HDO22001075,rps_lng-HDO22001076,
rps_lng-HDO221803,rps_lng-HDO210251,2023-01-20,2023-01-20,2024-01-19,,,,,,rps_lng-HDO22004141,,,,,,,,,,,,,,,,,,,,100005,,,Monthly,390.08,,,,19/09/2023,0.0,,,,,,,,,,,,,,rps_lng-HDO22004140,,
rps_lng-HDO211079,rps_lng-HDO210271,2022-09-03,2022-09-03,2023-09-02,,,,,,rps_lng-HDO21002358,,,,,,,,,,,,,,,,,,,,100005,,,Monthly,309.99,,,,,270.0,,,,,,,,,,,,,,,,
rps_lng-HDO230831,rps_lng-HDO210296,2023-07-10,2023-07-10,2024-07-09,,,,,,rps_lng-HDO23002240,,,,,,,,,,,,,,,,,,,,100005,,,Monthly,799.96,,,,09/09/2023,0.0,,,,,,,,,,,,,,rps_lng-HDO23002239,,
rps_lng-HDO221546,rps_lng-HDO210307,2022-11-11,2022-11-11,2023-11-10,,,,,,rps_lng-HDO22003567,,,,,,,,,,,,,,,,,,,,100005,,,Monthly,599.97,,,,,,,,,,,,,,,,,,,rps_lng-HDO22003565,rps_lng-HDO22003566,
rps_lng-HDO211581,rps_lng-HDO210327,2022-01-04,2022-01-04,2023-02-03,,,,,,rps_lng-HDO21003383,,,,,,,,,,,,,,,,,,,2024-04-01T11:00:00+01:00,100005,,,Monthly,689.95,,,,03/09/2023,0.0,,,,,,,,,,,,,,rps_lng-HDO21003382,,
rps_lng-HDO220023,rps_lng-HDO210330,2023-01-12,2023-01-12,2024-01-11,,,,,,rps_lng-HDO22000051,,,,,,,,,,,,,,,,,,,,100005,,,Monthly,469.94,,,,11/09/2023,0.0,,,,,,,,,,,,,,rps_lng-HDO22000050,,
rps_lng-HDO211234,rps_lng-HDO210334,2022-10-02,2022-10-02,2023-10-01,,,,,,rps_lng-HDO21002682,,,,,,,,,,,,,,,,,,,,100005,,,Monthly,709.97,,,,01/09/2023,0.0,,,,,,,,,,,,,,rps_lng-HDO21002681,,
rps_lng-HDO221581,rps_lng-HDO210354,2022-11-11,2022-11-11,2023-11-10,,,,,,rps_lng-HDO22003633,,,,,,,,,,,,,,,,,,,,100005,,,Monthly,500.09,,,,,,,,,,,,,,,,,,,rps_lng-HDO22003631,rps_lng-HDO22003632,
rps_lng-HDO230253,rps_lng-HDO210405,2023-03-06,2023-03-06,2024-03-05,,,,,,rps_lng-HDO23000744,,,,,,,,,,,,,,,,,,,,100005,,,Monthly,373.97,,,,,,,,,,,,,,,,,,,rps_lng-HDO23000743,,
rps_lng-HDO220011,rps_lng-HDO210408,2023-01-12,2023-01-12,2024-01-11,,,,,,rps_lng-HDO22000026,,,,,,,,,,,,,,,,,,,,100005,,,Monthly,359.93,,,,11/09/2023,0.0,,,,,,,,,,,,,,rps_lng-HDO22000027,,
rps_lng-HDO220113,rps_lng-HDO210413,2023-02-04,2023-02-04,2024-02-03,,,,,,rps_lng-HDO22000245,,,,,,,,,,,,,,,,,,,,100005,,,Monthly,700.08,,,,03/09/2023,0.0,,,,,,,,,,,,,,rps_lng-HDO22000246,,
rps_lng-HDO220441,rps_lng-HDO210436,2023-03-31,2023-03-31,2024-03-30,,,,,,rps_lng-HDO22000892,,,,,,,,,,,,,,,,,,,,100005,,,Monthly,440.02,,,,,,,,,,,,,,,,,,,rps_lng-HDO22000891,,
rps_lng-HDO211648,rps_lng-HDO210442,2022-12-21,2022-12-21,2023-12-20,,,,,,rps_lng-HDO21003540,,,,,,,,,,,,,,,,,,,2023-11-01T11:00:00+00:00,100005,,,Monthly,300.1,,,,20/09/2023,0.0,,,,,,,,,,,,,,,,
rps_lng-HDO230022,rps_lng-HDO210452,2023-01-12,2023-01-12,2024-01-11,,,,,,rps_lng-HDO23000048,,,,,,,,,,,,,,,,,,,,100005,,,Monthly,750.02,,,,11/09/2023,0.0,,,,,,,,,,,,,,,,
rps_lng-HDO220256,rps_lng-HDO210459,2023-03-25,2023-03-25,2024-03-24,,,,,,rps_lng-HDO22000513,,,,,,,,,,,,,,,,,,,2024-01-08T14:00:00+00:00,100005,,,Monthly,425.06,,,,24/08/2023,56.0,,,,,,,,,,,,,,rps_lng-HDO22000512,,
rps_lng-HDO211669,rps_lng-HDO210467,2023-03-14,2023-03-14,2024-02-13,,,,,,rps_lng-HDO21003583,,,,,,,,,,,,,,,,,,,,100005,,,Monthly,480.07,,,,13/09/2023,0.0,,,,,,,,,,,,,,rps_lng-HDO21003582,,
rps_lng-HDO220060,rps_lng-HDO210486,2022-02-03,2022-02-03,2023-02-02,,,,,,rps_lng-HDO22000129,,,,,,,,,,,,,,,,,,,2023-11-08T14:00:00+00:00,100005,,,Monthly,430.13,,,,,,,,,,,,,,,,,,,rps_lng-HDO22000128,,
rps_lng-HDO221236,rps_lng-HDO210498,2022-09-03,2022-09-03,2023-09-02,,,,,,rps_lng-HDO22002799,,,,,,,,,,,,,,,,,,,,100005,,,Monthly,399.98,,,,,,,,,,,,,,,,,,,rps_lng-HDO22002800,,
rps_lng-HDO220204,rps_lng-HDO210501,2023-04-17,2023-04-17,2024-02-16,,,,,,rps_lng-HDO22000408,,,,,,,,,,,,,,,,,,,,100005,,,Monthly,434.96,,,,16/09/2023,0.0,,,,,,,,,,,,,,rps_lng-HDO22000407,,
rps_lng-HDO221284,rps_lng-HDO210526,2022-10-01,2022-10-01,2023-09-30,,,,,,rps_lng-HDO22002917,,,,,,,,,,,,,,,,,,,,100005,,,Monthly,500.09,,,,,,,,,,,,,,,,,,,rps_lng-HDO22002915,rps_lng-HDO22002916,
rps_lng-HDO220100,rps_lng-HDO210536,2023-01-24,2023-01-24,2024-01-23,,,,,,rps_lng-HDO22000210,,,,,,,,,,,,,,,,,,,,100005,,,Monthly,440.02,,,,23/08/2023,0.0,,,,,,,,,,,,,,rps_lng-HDO22000211,rps_lng-HDO22000209,
rps_lng-HDO220077,rps_lng-HDO220008,2023-02-03,2023-02-03,2024-02-02,,,,,,rps_lng-HDO22000170,,,,,,,,,,,,,,,,,,,,100005,,,Monthly,465.11,,,,02/09/2023,0.0,,,,,,,,,,,,,,rps_lng-HDO22000171,,
rps_lng-HDO220264,rps_lng-HDO220041,2023-03-26,2023-03-26,2024-03-25,,,,,,rps_lng-HDO22000536,,,,,,,,,,,,,,,,,,,,100005,,,Monthly,359.93,,,,,,,,,,,,,,,,,,,rps_lng-HDO22000535,,
rps_lng-HDO220529,rps_lng-HDO220056,2022-04-21,2022-04-21,2023-04-20,,,,,,rps_lng-HDO22001060,,,,,,,,,,,,,,,,,,,2023-12-01T16:00:00+00:00,100005,,,Monthly,299.87,,,,,,,,,,,,,,,,,,,,,
rps_lng-SAN220057,rps_lng-HDO220112,2021-11-01,2021-11-01,2022-10-31,,,,,,rps_lng-SAN22000177,,,,,,,,,,,,,,,,,,,2023-11-22T14:00:00+00:00,100005,,,Monthly,475.0,,,,,,,,,,,,,,,,,,,,,
rps_lng-HDO221063,rps_lng-HDO220131,2023-08-01,2023-08-01,2024-07-31,,,,,,rps_lng-HDO22002306,,,,,,,,,,,,,,,,,,,,100005,,,Monthly,399.98,,,,31/08/2023,0.0,,,,,,,,,,,,,,rps_lng-HDO22002305,,
rps_lng-HDO220585,rps_lng-HDO220143,2023-06-09,2023-06-09,2024-06-08,,,,,,rps_lng-HDO22004022,,,,,,,,,,,,,,,,,,,,100005,,,Monthly,449.92,,,,08/09/2023,0.0,,,,,,,,,,,,,,rps_lng-HDO22004023,,
rps_lng-HDO230332,rps_lng-HDO220146,2023-03-14,2023-03-14,2024-09-13,,,,,,rps_lng-HDO23001014,,,,,,,,,,,,,,,,,,,,100005,,,Monthly,559.92,,,,,,,,,,,,,,,,,,,rps_lng-HDO23001013,,
rps_lng-HDO230950,rps_lng-HDO220153,2023-08-04,2023-08-04,2024-08-03,,,,,,rps_lng-HDO23002568,,,,,,,,,,,,,,,,,,,,100005,,,Monthly,775.1,,,,,,,,,,,,,,,,,,,rps_lng-HDO23002567,,
rps_lng-HDO230725,rps_lng-HDO220157,2023-06-24,2023-06-24,2024-06-23,,,,,,rps_lng-HDO23001968,,,,,,,,,,,,,,,,,,,,100005,,,Monthly,550.03,,,,,,,,,,,,,,,,,,,rps_lng-HDO23001967,,
rps_lng-HDO220851,rps_lng-HDO220183,2023-07-01,2023-07-01,2024-06-30,,,,,,rps_lng-HDO22001793,,,,,,,,,,,,,,,,,,,,100005,,,Monthly,350.04,,,,,,,,,,,,,,,,,,,rps_lng-HDO22001792,,
rps_lng-HDO220927,rps_lng-HDO220217,2023-07-17,2023-07-17,2024-07-16,,,,,,rps_lng-HDO22002029,,,,,,,,,,,,,,,,,,,,100005,,,Monthly,409.87,,,,,,,,,,,,,,,,,,,,,
rps_lng-HDO220916,rps_lng-HDO220224,2022-07-11,2022-07-11,2024-07-10,,,,,,rps_lng-HDO22002005,,,,,,,,,,,,,,,,,,,,100005,,,Monthly,370.06,,,,,,,,,,,,,,,,,,,,,
rps_lng-HDO221042,rps_lng-HDO220225,2023-07-30,2023-07-30,2024-07-29,,,,,,rps_lng-HDO22002251,,,,,,,,,,,,,,,,,,,,100005,,,Monthly,390.08,,,,29/08/2023,0.0,,,,,,,,,,,,,,rps_lng-HDO22002250,,
rps_lng-HDO220814,rps_lng-HDO220232,2022-10-06,2022-10-06,2023-10-05,,,,,,rps_lng-HDO22001706,,,,,,,,,,,,,,,,,,,,100005,,,Monthly,460.04,,,,,,,,,,,,,,,,,,,rps_lng-HDO22001705,,
rps_lng-HDO221343,rps_lng-HDO220250,2022-10-07,2022-10-07,2023-10-06,,,,,,rps_lng-HDO22003066,,,,,,,,,,,,,,,,,,,,100005,,,Monthly,650.14,,,,06/09/2023,2825.0,,,,,,,,,,,,,,rps_lng-HDO22003064,rps_lng-HDO22003065,
rps_lng-HDO220827,rps_lng-HDO220251,2023-02-28,2023-02-28,2024-02-27,,,,,,rps_lng-HDO22001733,,,,,,,,,,,,,,,,,,,,100005,,,Monthly,425.06,,,,27/08/2023,0.0,,,,,,,,,,,,,,rps_lng-HDO22001732,,
rps_lng-HDO221407,rps_lng-HDO220268,2023-10-14,2023-10-14,2024-10-13,,,,,,rps_lng-HDO22003226,,,,,,,,,,,,,,,,,,,,100005,,,Monthly,450.15,,,,,,,,,,,,,,,,,,,rps_lng-HDO22003225,,
rps_lng-HDO221112,rps_lng-HDO220273,2022-08-12,2022-08-12,2023-08-13,,,,,,rps_lng-HDO22002457,,,,,,,,,,,,,,,,,,,,100005,,,Monthly,399.98,,,,,,,,,,,,,,,,,,,,,
rps_lng-HDO220933,rps_lng-HDO220296,2022-07-13,2022-07-13,2024-07-12,,,,,,rps_lng-HDO22002037,,,,,,,,,,,,,,,,,,,,100005,,,Monthly,385.02,,,,,,,,,,,,,,,,,,,,,
rps_lng-HDO230383,rps_lng-HDO220304,2023-04-01,2023-04-01,2024-03-31,,,,,,rps_lng-HDO23001135,,,,,,,,,,,,,,,,,,,,100005,,,Monthly,375.12,,,,31/08/2023,300.0,,,,,,,,,,,,,,rps_lng-HDO23001134,,
rps_lng-HDO221462,rps_lng-HDO220337,2022-10-29,2022-10-29,2023-10-28,,,,,,rps_lng-HDO22003366,,,,,,,,,,,,,,,,,,,,100005,,,Monthly,420.0,,,,28/08/2023,0.0,,,,,,,,,,,,,,rps_lng-HDO22003365,,
rps_lng-HDO230089,rps_lng-HDO220363,2023-01-27,2023-01-27,2024-01-26,,,,,,rps_lng-HDO23000172,,,,,,,,,,,,,,,,,,,,100005,,,Monthly,599.97,,,,26/08/2023,0.0,,,,,,,,,,,,,,rps_lng-HDO23000171,rps_lng-HDO23000173,
rps_lng-HDO230527,rps_lng-HDO220366,2023-04-21,2023-04-21,2024-04-20,,,,,,rps_lng-HDO23001483,,,,,,,,,,,,,,,,,,,,100005,,,Monthly,420.0,,,,20/09/2023,1825.0,,,,,,,,,,,,,,,,
rps_lng-HDO230094,rps_lng-HDO220383,2023-01-21,2023-01-21,2024-01-20,,,,,,rps_lng-HDO23000190,,,,,,,,,,,,,,,,,,,,100005,,,Monthly,360.16,,,,20/09/2023,0.0,,,,,,,,,,,,,,rps_lng-HDO23000189,,
rps_lng-HDO221132,rps_lng-HDO220384,2023-09-30,2023-09-30,2024-09-29,,,,,,rps_lng-HDO22002519,,,,,,,,,,,,,,,,,,,,100005,,,Monthly,374.89,,,,,,,,,,,,,,,,,,,,,
rps_lng-HDO230678,rps_lng-HDO220408,2023-06-02,2023-06-02,2024-06-01,,,,,,rps_lng-HDO23001858,,,,,,,,,,,,,,,,,,,,100005,,,Monthly,520.11,,,,,,,,,,,,,,,,,,,rps_lng-HDO23001857,,
rps_lng-HDO221377,rps_lng-HDO220465,2022-10-14,2022-10-14,2023-10-13,,,,,,rps_lng-HDO22003160,,,,,,,,,,,,,,,,,,,,100005,,,Monthly,420.0,,,,13/09/2023,0.0,,,,,,,,,,,,,,rps_lng-HDO22003159,,
rps_lng-HDO221346,rps_lng-HDO220468,2022-09-30,2022-09-30,2023-09-29,,,,,,rps_lng-HDO22003070,,,,,,,,,,,,,,,,,,,,100005,,,Monthly,385.02,,,,,,,,,,,,,,,,,,,rps_lng-HDO22003194,,
rps_lng-HDO221537,rps_lng-HDO220471,2022-10-31,2022-10-31,2024-04-30,,,,,,rps_lng-HDO22003551,,,,,,,,,,,,,,,,,,,,100005,,,Monthly,674.99,,,,,,,,,,,,,,,,,,,rps_lng-HDO22003550,,
rps_lng-HDO221469,rps_lng-HDO220479,2023-10-20,2023-10-20,2024-10-19,,,,,,rps_lng-HDO22003386,,,,,,,,,,,,,,,,,,,,100005,,,Monthly,850.13,,,,19/09/2023,0.0,,,,,,,,,,,,,,,,
rps_lng-HDO221519,rps_lng-HDO220482,2022-11-10,2022-11-10,2023-11-09,,,,,,rps_lng-HDO22003497,,,,,,,,,,,,,,,,,,,,100005,,,Monthly,764.98,,,,,,,,,,,,,,,,,,,rps_lng-HDO22003496,,
rps_lng-HDO221339,rps_lng-HDO220483,2023-04-01,2023-04-01,2024-03-31,,,,,,rps_lng-HDO22003056,,,,,,,,,,,,,,,,,,,,100005,,,Monthly,370.06,,,,,,,,,,,,,,,,,,,,,
rps_lng-HDO221512,rps_lng-HDO220504,2022-10-26,2022-10-26,2023-10-25,,,,,,rps_lng-HDO22003477,,,,,,,,,,,,,,,,,,,,100005,,,Monthly,355.1,,,,25/08/2023,0.0,,,,,,,,,,,,,,rps_lng-HDO22003476,,
rps_lng-HDO221620,rps_lng-HDO220524,2022-11-22,2022-11-22,2023-11-21,,,,,,rps_lng-HDO22003712,,,,,,,,,,,,,,,,,,,,100005,,,Monthly,700.08,,,,,,,,,,,,,,,,,,,,,
rps_lng-HDO221822,rps_lng-HDO220537,2022-12-23,2022-12-23,2023-12-22,,,,,,rps_lng-HDO22004192,,,,,,,,,,,,,,,,,,,,100005,,,Monthly,420.0,,,,,,,,,,,,,,,,,,,rps_lng-HDO22004191,,
rps_lng-HDO221692,rps_lng-HDO220543,2022-12-12,2022-12-12,2023-12-11,,,,,,rps_lng-HDO22003889,,,,,,,,,,,,,,,,,,,,100005,,,Monthly,500.09,,,,11/09/2023,0.0,,,,,,,,,,,,,,rps_lng-HDO22003890,,
rps_lng-HDO230438,rps_lng-HDO220578,2023-04-17,2023-04-17,2024-04-16,,,,,,rps_lng-HDO23001261,,,,,,,,,,,,,,,,,,,,100005,,,Monthly,374.89,,,,,,,,,,,,,,,,,,,,,
rps_lng-HDO221772,rps_lng-HDO220585,2022-12-21,2022-12-21,2024-01-20,,,,,,rps_lng-HDO22004067,,,,,,,,,,,,,,,,,,,,100005,,,Monthly,460.04,,,,,,,,,,,,,,,,,,,rps_lng-HDO22004066,,
rps_lng-HDO221743,rps_lng-HDO220594,2022-12-19,2022-12-19,2023-12-18,,,,,,rps_lng-HDO22004011,,,,,,,,,,,,,,,,,,,,100005,,,Monthly,649.91,,,,18/09/2023,0.0,,,,,,,,,,,,,,rps_lng-HDO22004010,,
rps_lng-HDO230035,rps_lng-HDO220669,2023-01-14,2023-01-14,2024-02-13,,,,,,rps_lng-HDO22000327,,,,,,,,,,,,,,,,,,,,100005,,,Monthly,410.1,,,,13/09/2023,0.0,,,,,,,,,,,,,,,,
rps_lng-HDO230055,rps_lng-HDO220671,2023-05-21,2023-05-21,2024-05-20,,,,,,rps_lng-HDO23000113,,,,,,,,,,,,,,,,,,,2024-02-01T22:00:00+00:00,100005,,,Monthly,449.92,,,,20/09/2023,2055.0,,,,,,,,,,,,,,,,
rps_lng-HDO230090,rps_lng-HDO220702,2023-07-19,2023-07-19,2024-07-18,,,,,,rps_lng-HDO23000175,,,,,,,,,,,,,,,,,,,,100005,,,Monthly,579.95,,,,,,,,,,,,,,,,,,,rps_lng-HDO23002658,,
rps_lng-HDO230182,rps_lng-HDO220707,2023-02-11,2023-02-11,2024-02-10,,,,,,rps_lng-HDO23000532,,,,,,,,,,,,,,,,,,,,100005,,,Monthly,379.96,,,,,,,,,,,,,,,,,,,rps_lng-HDO23000531,,
rps_lng-HDO230153,rps_lng-HDO220708,2023-02-18,2023-02-18,2024-02-17,,,,,,rps_lng-HDO23000435,,,,,,,,,,,,,,,,,,,,100005,,,Monthly,379.96,,,,,,,,,,,,,,,,,,,rps_lng-HDO23000433,rps_lng-HDO23000434,
rps_lng-HDO230197,rps_lng-HDO230011,2023-02-18,2023-02-18,2024-02-17,,,,,,rps_lng-HDO23000564,,,,,,,,,,,,,,,,,,,,100005,,,Monthly,399.98,,,,17/09/2023,0.0,,,,,,,,,,,,,,rps_lng-HDO23000562,rps_lng-HDO23000563,
rps_lng-HDO230565,rps_lng-HDO230040,2023-05-05,2023-05-05,2024-05-04,,,,,,rps_lng-HDO23001572,,,,,,,,,,,,,,,,,,,,100005,,,Monthly,899.84,,,,,,,,,,,,,,,,,,,rps_lng-HDO23001569,rps_lng-HDO23001570,rps_lng-HDO23001571
rps_lng-JAM230002,rps_lng-HDO230051,2023-08-14,2023-08-14,2024-08-13,,,,,,rps_lng-JAM23000007,,,,,,,,,,,,,,,,,,,2024-05-01T12:00:00+01:00,100005,,,Monthly,530.01,,,,13/09/2023,0.0,,,,,,,,,,,,,,,,
rps_lng-HDO230271,rps_lng-HDO230072,2023-03-01,2023-03-01,2024-02-29,,,,,,rps_lng-HDO23000830,,,,,,,,,,,,,,,,,,,,100005,,,Monthly,530.01,,,,,,,,,,,,,,,,,,,,,
rps_lng-HDO230380,rps_lng-HDO230086,2023-03-27,2023-03-27,2024-03-26,,,,,,rps_lng-HDO23001128,,,,,,,,,,,,,,,,,,,,100005,,,Monthly,440.02,,,,,,,,,,,,,,,,,,,rps_lng-HDO23001127,,
rps_lng-JAM230003,rps_lng-HDO230187,2023-04-21,2023-04-21,2024-04-20,,,,,,rps_lng-JAM23000016,,,,,,,,,,,,,,,,,,,,100005,,,Monthly,449.92,,,,,,,,,,,,,,,,,,,rps_lng-JAM23000017,,
rps_lng-HDO230654,rps_lng-HDO230195,2023-05-27,2023-05-27,2024-05-26,,,,,,rps_lng-HDO23001794,,,,,,,,,,,,,,,,,,,,100005,,,Monthly,649.91,,,,26/08/2023,0.0,,,,,,,,,,,,,,rps_lng-HDO23001793,,
rps_lng-HDO230868,rps_lng-HDO230247,2023-07-11,2023-07-11,2024-07-10,,,,,,rps_lng-HDO23002343,,,,,,,,,,,,,,,,,,,,100005,,,Monthly,460.04,,,,,,,,,,,,,,,,,,,rps_lng-HDO23002342,,
rps_lng-HDO230835,rps_lng-HDO230259,2023-07-22,2023-07-22,2024-07-21,,,,,,rps_lng-HDO23002252,,,,,,,,,,,,,,,,,,,,100005,,,Monthly,634.95,,,,21/09/2023,5518.0,,,,,,,,,,,,,,rps_lng-HDO23002251,,
rps_lng-HDO230933,rps_lng-HDO230287,2023-08-10,2023-08-10,2024-08-09,,,,,,rps_lng-HDO23002526,,,,,,,,,,,,,,,,,,,,100005,,,Monthly,390.08,,,,,,,,,,,,,,,,,,,rps_lng-HDO23002525,,
rps_lng-HDO230889,rps_lng-HDO230313,2023-07-14,2023-07-14,2025-01-13,,,,,,rps_lng-HDO23002395,,,,,,,,,,,,,,,,,,,,100005,,,Monthly,494.79,,,,,,,,,,,,,,,,,,,,,
