property_id,ownership_id,property_type,unit,street_no,street_1,street_2,suburb,state,postcode,bedrooms,bathrooms,car_spaces,lot_no,area,authority_start,authority_end,gained,gained_reason,rent_account,rent_description,rent_amount,rent_period,outgoings_[n]_account,outgoings_[n]_description,outgoings_[n]_amount,tag_[group name],fee_1,fee_2,fee_3,fee_4,fee_5,fee_6,fee_7,Property Manager
rps_lng-CVA210023,rps_lng-CVA210015, Residential_  ,,35A,Cameron Street,,COBURG,VIC,3058,2,1,1,,0,1999-01-01,,2023-01-30T09:32:19+00:00,,100005,,495.02,Monthly,,,,,8.8,6.6,,,,,40.0,Kasey Neuendorf
rps_lng-CVA210032,rps_lng-CVA210020, Residential_  ,,124,Leicester Street,,FITZROY,VIC,3065,2,1,1,,0,1999-01-01,,2023-01-30T09:51:38+00:00,,100005,,710.2,Weekly,,,,,8.8,6.6,,,,,40.0,Kasey Neuendorf
rps_lng-CVA210067,rps_lng-CVA210054, Residential_  ,904,1,Roy Street,,MELBOURNE,VIC,3004,2,1,2,,0,1999-01-01,,2022-07-19T18:55:19+01:00,,100005,,640.01,Weekly,,,,,6.6,4.4,,,,,40.0,Kasey Neuendorf
rps_lng-CVA210068,rps_lng-CVA210055, Residential_  ,33,88,Franklin Street,,MELBOURNE,VIC,3000,1,1,0,,0,1999-01-01,,2022-06-02T15:01:05+01:00,,100005,,330.0,Weekly,,,,,7.7,4.4,,,,,40.0,Kasey Neuendorf
rps_lng-CVA210071,rps_lng-CVA210058, Residential_  ,31,88,Franklin Street,,MELBOURNE,VIC,3000,1,1,0,,0,1999-01-01,,2023-03-18T14:32:20+00:00,,100005,,429.9,Weekly,,,,,8.25,4.4,,,,,40.0,Kasey Neuendorf
rps_lng-CVA210072,rps_lng-CVA210059, Residential_  ,50,88,Franklin Street,,MELBOURNE,VIC,3000,2,1,0,,0,1999-01-01,,2023-01-10T11:19:01+00:00,,100005,,410.1,Monthly,,,,,7.7,4.4,,,,,40.0,Kasey Neuendorf
rps_lng-CVA210073,rps_lng-CVA210060, Residential_  ,52,88,Franklin Street,,MELBOURNE,VIC,3000,1,1,0,,0,1999-01-01,,2023-07-18T13:32:14+01:00,,100005,,365.23,Weekly,,,,,7.7,4.4,,,,,40.0,Kasey Neuendorf
rps_lng-CVA210117,rps_lng-CVA210104, Residential_  ,,47,Gillies Street,,FAIRFIELD,VIC,3078,3,1,0,,0,1999-01-01,,2023-01-30T09:22:26+00:00,,100005,,815.15,Weekly,,,,,6.6,5.5,,,,,40.0,Kasey Neuendorf
rps_lng-CVA210118,rps_lng-CVA210104, Residential_  ,,121,Holden Street,,FITZROY NORTH,VIC,3068,4,1,1,,0,1999-01-01,,2023-04-13T12:09:26+01:00,,100005,,955.07,Monthly,,,,,,,,,,,,Kasey Neuendorf
rps_lng-CVA210153,rps_lng-CVA210143, Residential_  ,19,88,Franklin Street,,MELBOURNE,VIC,3000,1,1,0,,0,1999-01-01,,2023-04-12T19:01:24+01:00,,100005,,360.16,Weekly,,,,,7.0,5.5,,,,,40.0,Kasey Neuendorf
rps_lng-CVA210167,rps_lng-CVA210163, Residential_  ,7,9,Denbigh Road,,ARMADALE,VIC,3143,2,1,1,,0,1999-01-01,,2022-11-21T10:11:26+00:00,,100005,,399.98,Monthly,,,,,7.7,5.5,,,,,40.0,Kasey Neuendorf
rps_lng-CVA210171,rps_lng-CVA210167, Residential_  ,14,470,Punt Road,,SOUTH YARRA,VIC,3141,1,1,1,,0,1999-01-01,,2023-06-26T09:35:58+01:00,,100005,,350.0,Weekly,,,,,7.7,5.5,,,,,40.0,Kasey Neuendorf
rps_lng-CVA210180,rps_lng-CVA210176, Residential_  ,1,57,Eglinton Street,,MOONEE PONDS,VIC,3039,2,1,1,,0,1999-01-01,,2023-06-16T09:42:14+01:00,,100005,,530.01,Monthly,,,,,,,,,,,,Kasey Neuendorf
rps_lng-CVA210185,rps_lng-CVA210182, Residential_  ,2,101,Victoria Road,,HAWTHORN EAST,VIC,3123,2,1,1,,0,1999-01-01,,2022-07-25T13:11:18+01:00,,100005,,450.15,Monthly,,,,,7.7,5.5,,,,,40.0,Kasey Neuendorf
rps_lng-CVA210194,rps_lng-CVA210191, Residential_  ,3,21,Lisson Grove,,HAWTHORN,VIC,3122,3,2,2,,0,1999-01-01,,2023-06-22T14:39:28+01:00,,100005,,700.08,Weekly,,,,,7.7,4.4,,,,,40.0,Kasey Neuendorf
rps_lng-CVA210231,rps_lng-CVA210236, Residential_  ,3,835,Plenty Road,,RESERVOIR,VIC,3073,2,1,1,,0,1999-01-01,,2023-01-30T09:33:20+00:00,,100005,,310.22,Weekly,,,,,8.8,6.6,,,,,40.0,Kasey Neuendorf
rps_lng-CVA210272,rps_lng-CVA210274, Residential_  ,,16,Gowrie Street,,Bentleigh East,VIC,3165,3,1,2,,0,1999-01-01,,2022-09-13T16:12:05+01:00,,100005,,399.98,Monthly,,,,,6.6,2.2,,,,,,Kasey Neuendorf
rps_lng-CVA210383,rps_lng-CVA210353, Residential_  ,1,67,Auburn Road,,HAWTHORN,VIC,3122,1,1,1,,0,1999-01-01,,2022-06-02T15:01:05+01:00,,100005,,315.06,Monthly,,,,,7.7,4.4,,,,,40.0,Kasey Neuendorf
rps_lng-CVA210384,rps_lng-CVA210354, Residential_  ,2,67,Auburn Road,,HAWTHORN,VIC,3122,1,1,1,,0,1999-01-01,,2022-09-27T13:24:00+01:00,,100005,,320.12,Monthly,,,,,7.7,4.4,,,,,40.0,Kasey Neuendorf
rps_lng-CVA210385,rps_lng-CVA210355, Residential_  ,3,67,Auburn Road,,HAWTHORN,VIC,3122,1,1,1,,0,1999-01-01,,2023-06-19T12:11:17+01:00,,100005,,379.96,Monthly,,,,,7.7,4.4,,,,,40.0,Kasey Neuendorf
rps_lng-CVA210389,rps_lng-CVA210359, Residential_  ,18,19a,Ellesmere Road,,WINDSOR,VIC,3181,1,1,1,,0,1999-01-01,,2022-10-05T11:01:03+01:00,,100005,,330.02,Weekly,,,,,7.7,4.4,,,,,40.0,Kasey Neuendorf
rps_lng-CVA210391,rps_lng-CVA210361, Residential_  ,400,8,Waterview Walk,,DOCKLANDS,VIC,3008,1,1,0,,0,1999-01-01,,2023-02-08T18:25:22+00:00,,100005,,319.89,Monthly,,,,,7.7,4.4,,,,,40.0,Kasey Neuendorf
rps_lng-CVA210401,rps_lng-CVA210371, Residential_  ,401,69,Victoria Street,,FITZROY,VIC,3065,2,2,2,,0,1999-01-01,,2023-06-07T14:11:57+01:00,,100005,,599.97,Weekly,,,,,6.5,4.4,,,,,40.0,Kasey Neuendorf
rps_lng-CVA210406,rps_lng-CVA210376, Residential_  ,,110,Kangaroo Road,,HUGHESDALE,VIC,3166,2,1,2,,0,1999-01-01,,2022-10-11T14:32:20+01:00,,100005,,620.0,Weekly,,,,,6.6,3.3,,,,,40.0,Kasey Neuendorf
rps_lng-CVA210411,rps_lng-CVA210382, Residential_  ,2,26-28,Broadway,,ELWOOD,VIC,3184,1,1,1,,0,1999-01-01,,2023-05-15T17:40:45+01:00,,100005,,399.98,Monthly,,,,,6.6,4.84,,,,,30.0,Kasey Neuendorf
rps_lng-CVA210417,rps_lng-CVA210388, Residential_  ,1106,18,Mt Alexander Road,,TRAVANCORE,VIC,3032,2,1,1,,0,1999-01-01,,2023-07-20T09:34:48+01:00,,100005,,385.02,Monthly,,,,,7.7,5.5,,,,,40.0,Kasey Neuendorf
rps_lng-CVA210420,rps_lng-CVA210391, Residential_  ,1419,18,Mt Alexander Road,,TRAVANCORE,VIC,3032,2,1,1,,0,1999-01-01,,2023-05-17T11:22:44+01:00,,100005,,395.15,Monthly,,,,,7.7,4.4,,,,,40.0,Kasey Neuendorf
rps_lng-CVA210429,rps_lng-CVA210400, Residential_  ,4,185,Auburn Road,,HAWTHORN,VIC,3122,2,1,1,,0,1999-01-01,,2022-10-03T11:07:30+01:00,,100005,,450.15,Weekly,,,,,7.7,3.3,,,,,40.0,Kasey Neuendorf
rps_lng-CVA210435,rps_lng-CVA210406, Residential_  ,,52,Freeman Street,,FITZROY NORTH,VIC,3068,2,1,0,,0,1999-01-01,,2023-01-30T09:43:12+00:00,,100005,,585.01,Weekly,,,,,7.7,4.4,,,,,40.0,Kasey Neuendorf
rps_lng-CVA210436,rps_lng-CVA210407, Residential_  ,606,65,Coventry Street,,SOUTHBANK,VIC,3006,1,1,1,,0,1999-01-01,,2023-01-19T12:46:27+00:00,,100005,,345.21,Weekly,,,,,,,,,,,,Kasey Neuendorf
rps_lng-CVA210439,rps_lng-CVA210410, Residential_  ,1104,50,Albert Road,,South Melbourne,VIC,3205,2,1,1,,0,1999-01-01,,2023-07-19T09:33:38+01:00,,100005,,619.99,Monthly,,,,,6.5,4.4,,,,,40.0,Kasey Neuendorf
rps_lng-CVA210459,rps_lng-CVA210430, Residential_  ,107,63-69,Rouse Street,,PORT MELBOURNE,VIC,3207,1,1,1,,0,1999-01-01,,2023-02-07T09:47:32+00:00,,100005,,399.98,Monthly,,,,,7.7,3.3,,,,,40.0,Kasey Neuendorf
rps_lng-CVA210465,rps_lng-CVA210437, Residential_  ,536,63,Spencer Street,,DOCKLANDS,VIC,3008,1,1,1,,0,1999-01-01,,2023-02-13T17:45:16+00:00,,100005,,400.0,Weekly,,,,,7.7,4.4,,,,,40.0,Kasey Neuendorf
rps_lng-CVA210491,rps_lng-CVA210397, Residential_  ,17,32,East Esplanade,,ST ALBANS,VIC,3021,1,1,1,,0,1999-01-01,,2023-02-24T15:26:10+00:00,,100005,,330.02,Monthly,,,,,7.7,3.3,,,,,40.0,Kasey Neuendorf
rps_lng-CVA210507,rps_lng-CVA210481, Residential_  ,12,35,Tulip Grove,,CHELTENHAM,VIC,3192,2,1,1,,0,1999-01-01,,2023-02-21T15:02:21+00:00,,100005,,425.06,Monthly,,,,,7.7,3.3,,,,,40.0,Kasey Neuendorf
rps_lng-CVA210542,rps_lng-CVA210166, Residential_  ,902,288,Albert Street,,BRUNSWICK,VIC,3056,2,1,1,,0,1999-01-01,,2022-12-08T11:23:12+00:00,,100005,,425.06,Monthly,,,,,7.7,4.4,,,,,40.0,Kasey Neuendorf
rps_lng-CVA210579,rps_lng-CVA210546, Residential_  ,2407,60,Kavanagh Street,,SOUTHBANK,VIC,3006,1,1,0,,0,1999-01-01,,2023-03-27T15:34:50+01:00,,100005,,469.94,Monthly,,,,,7.7,5.5,,,,,40.0,Kasey Neuendorf
rps_lng-CVA210610,rps_lng-CVA210572, Residential_  ,814,338,Kings Way,,SOUTH MELBOURNE,VIC,3205,2,1,1,,0,1999-01-01,,2023-07-19T14:47:37+01:00,,100005,,550.03,Monthly,,,,,7.0,4.4,,,,,40.0,Kasey Neuendorf
rps_lng-CVA210616,rps_lng-CVA210580, Residential_  ,503,11,David Street,,RICHMOND,VIC,3121,2,2,1,,0,1999-01-01,,2023-08-08T13:49:22+01:00,,100005,,550.0,Weekly,,,,,5.5,4.4,,,,,40.0,Kasey Neuendorf
rps_lng-CVA210647,rps_lng-CVA210607, Residential_  ,17,88,Franklin Street,,MELBOURNE,VIC,3000,2,1,0,,0,1999-01-01,,2023-06-16T10:25:04+01:00,,100005,,410.1,Weekly,,,,,8.1,4.4,,,,,40.0,Kasey Neuendorf
rps_lng-HDO080004,rps_lng-RPT080004, Residential_  ,,18,Cadell Avenue,,Tarneit,Vic,3029,4,2,2,,0,1999-01-01,,2022-10-03T15:22:31+01:00,,100005,,370.06,Monthly,,,,,,,,,,,,Kasey Neuendorf
rps_lng-HDO080019,rps_lng-RPT080016, Residential_  ,,20,Delias Road,,Tarneit,Vic,3029,4,2,2,,0,1999-01-01,,2023-05-18T12:41:47+01:00,,100005,,399.98,Weekly,,,,,,,,,,,,Kasey Neuendorf
rps_lng-HDO090003,rps_lng-RPT090003, Residential_  ,,16,Winona Circuit,,Tarneit,Vic,3029,4,0,0,,0,1999-01-01,,2023-05-18T12:25:05+01:00,,100005,,420.0,Monthly,,,,,,,,,,,,Kasey Neuendorf
rps_lng-HDO090030,rps_lng-RPT090028, Residential_  ,,22,Prairie Place,,Truganina,Vic,3029,3,2,2,,0,1999-01-01,,2023-03-15T14:33:17+00:00,,100005,,409.87,Monthly,,,,,,,,,,,,Kasey Neuendorf
rps_lng-HDO100024,rps_lng-RPT100021, Residential_  ,,5,Prairie Place,,Truganina,Vic,3029,3,2,2,,0,1999-01-01,,2023-07-24T16:14:10+01:00,,100005,,375.12,Monthly,,,,,,,,,,,,Kasey Neuendorf
rps_lng-HDO110042,rps_lng-RPT110042, Residential_  ,,39,Laurence Way,,Tarneit,Vic,3029,4,2,2,,0,1999-01-01,,2022-06-14T09:38:37+01:00,,100005,,390.08,Monthly,,,,,,,,,,,,Kasey Neuendorf
rps_lng-HDO110043,rps_lng-RPT110043, Residential_  ,,13,Edenvale Street,,Wyndham Vale,Vic,3024,3,0,0,,0,1999-01-01,,2022-12-12T15:11:38+00:00,,100005,,339.91,Monthly,,,,,,,,,,,,Kasey Neuendorf
rps_lng-HDO120044,rps_lng-RPT120044, Residential_  ,,117,Penrose Promenade,,Tarneit,Vic,3029,4,0,0,,0,1999-01-01,,2023-04-12T19:05:25+01:00,,100005,,394.92,Monthly,,,,,,,,,,,,Kasey Neuendorf
rps_lng-HDO120056,rps_lng-RPT120056, Residential_  ,,9,Crathe Close,,Roxburgh Park,Vic,3064,4,2,2,,0,1999-01-01,,2023-04-12T19:04:21+01:00,,100005,,489.96,Monthly,,,,,,,,,,,,Kasey Neuendorf
rps_lng-HDO120064,rps_lng-RPT120064, Residential_  ,,6,Foyle Crescent,,Weir Views,Vic,3338,4,0,0,,0,1999-01-01,,2023-05-22T23:21:56+01:00,,100005,,375.12,Weekly,,,,,,,,,,,,Kasey Neuendorf
rps_lng-HDO120067,rps_lng-RPT120067, Residential_  ,204,72,Cross Street,,West Footscray,Vic,3012,2,1,2,,0,1999-01-01,,2023-01-12T17:00:28+00:00,,100005,,390.08,Monthly,,,,,,,,,,,,Kasey Neuendorf
rps_lng-HDO120069,rps_lng-RPT120069, Residential_  ,,30,Park Avenue,,West Footscray,Vic,3012,3,2,2,,0,1999-01-01,,2023-01-09T15:14:11+00:00,,100005,,500.0,Weekly,,,,,,,,,,,,Kasey Neuendorf
rps_lng-HDO120074,rps_lng-RPT120074, Residential_  ,,3,Crathe Close,,Roxburgh Park,Vic,3064,4,2,2,,0,1999-01-01,,2023-01-31T09:48:02+00:00,,100005,,434.96,Monthly,,,,,,,,,,,,Kasey Neuendorf
rps_lng-HDO120111,rps_lng-RPT120110, Residential_  ,,11,Bandon Road,,Weir Views,Vic,3338,4,2,2,,0,1999-01-01,,2023-04-14T13:04:53+01:00,,100005,,360.0,Weekly,,,,,6.6,2.2,,,,,,Kasey Neuendorf
rps_lng-HDO120207,rps_lng-RPT120323, Residential_  ,102,42-44,Harrison Street,,Brunswick East,Vic,3057,2,1,1,,0,1999-01-01,,2023-04-17T08:45:05+01:00,,100005,,390.08,Weekly,,,,,,,,,,,,Kasey Neuendorf
rps_lng-HDO120330,rps_lng-RPT120349, Residential_  ,103,42-44,Harrison Street,,Brunswick East,Vic,3057,2,1,1,,0,1999-01-01,,2023-04-05T10:54:40+01:00,,100005,,394.92,Monthly,,,,,,,,,,,,Kasey Neuendorf
rps_lng-HDO120453,rps_lng-RPT120440, Residential_  ,B207,460,Victoria Street,,Brunswick,Vic,3056,2,1,1,,0,1999-01-01,,2023-04-05T10:53:39+01:00,,100005,,520.11,Monthly,,,,,,,,,,,,Kasey Neuendorf
rps_lng-HDO130025,rps_lng-RPT130025, Residential_  ,,16,Cavell Drive,,Craigieburn,Vic,3064,3,2,2,,0,1999-01-01,,2023-06-30T10:51:16+01:00,,100005,,420.0,Weekly,,,,,,,,,,,,Kasey Neuendorf
rps_lng-HDO130049,rps_lng-RPT130049, Residential_  ,2,250,Pascoe Vale Road,,Essendon,Vic,3040,2,2,1,,0,1999-01-01,,2023-01-09T15:14:11+00:00,,100005,,490.0,Weekly,,,,,,,,,,,,Kasey Neuendorf
rps_lng-HDO130078,rps_lng-RPT130078, Residential_  ,,39,Grattan Cove,,Craigieburn,Vic,3064,3,0,0,,0,1999-01-01,,2023-08-01T14:23:41+01:00,,100005,,390.08,Monthly,,,,,,,,,,,,Kasey Neuendorf
rps_lng-HDO130248,rps_lng-RPT130252, Residential_  ,106,175,Kangaroo Road,,Hughesdale,Vic,3166,1,1,1,,0,1999-01-01,,2023-01-09T15:14:11+00:00,,100005,,335.08,Monthly,,,,,,,,,,,,Kasey Neuendorf
rps_lng-HDO140009,rps_lng-RPT140009, Residential_  ,,24,O'Loghlen Drive,,Wyndham Vale,Vic,3024,4,0,0,,0,1999-01-01,,2022-12-08T11:16:30+00:00,,100005,,349.81,Monthly,,,,,7.7,3.3,,,,,25.0,Kasey Neuendorf
rps_lng-HDO140026,rps_lng-RPT140026, Residential_  ,,4,Lakshmi Street,,Epping,Vic,3076,4,0,0,,0,1999-01-01,,2023-03-10T14:11:40+00:00,,100005,,465.11,Monthly,,,,,,,,,,,,Kasey Neuendorf
rps_lng-HDO140041,rps_lng-RPT130049, Residential_  ,4,120,Hotham Street,,St Kilda East,Vic,3183,1,1,1,,0,1999-01-01,,2023-08-17T15:05:43+01:00,,100005,,480.07,Monthly,,,,,,,,,,,,Kasey Neuendorf
rps_lng-HDO140044,rps_lng-HDO190796, Residential_  ,,15,Bandon Road,,Weir Views,Vic,3338,4,2,2,,0,1999-01-01,,2022-09-05T19:59:38+01:00,,100005,,350.0,Weekly,,,,,,,,,,,,Kasey Neuendorf
rps_lng-HDO150004,rps_lng-RPT180001, Residential_  ,2,3,Pardy Street,,Pascoe Vale,Vic,3044,2,0,0,,0,1999-01-01,,2022-09-05T20:58:56+01:00,,100005,,399.98,Weekly,,,,,,,,,,,,Kasey Neuendorf
rps_lng-HDO150011,rps_lng-RPT150011, Residential_  ,19,79-89,Lancefield Drive,,Caroline Springs,Vic,3023,3,2,2,,0,1999-01-01,,2023-07-17T14:21:45+01:00,,100005,,500.09,Monthly,,,,,,,,,,,,Kasey Neuendorf
rps_lng-HDO150017,rps_lng-RPT150011, Residential_  ,9,14-16,Maroona Road,,Carnegie,Vic,3163,2,2,1,,0,1999-01-01,,2022-06-02T15:01:05+01:00,,100005,,500.0,Monthly,,,,,,,,,,,,Kasey Neuendorf
rps_lng-HDO150022,rps_lng-RPT140026, Residential_  ,,30,Prominence Boulevard,,Tarneit,Vic,3029,3,2,2,,0,1999-01-01,,2023-03-10T14:16:42+00:00,,100005,,395.15,Weekly,,,,,,,,,,,,Kasey Neuendorf
rps_lng-HDO150030,rps_lng-RPT150029, Residential_  ,,15,Attunga Grove,,Werribee,Vic,3030,3,2,1,,0,1999-01-01,,2023-06-06T14:20:18+01:00,,100005,,375.12,Weekly,,,,,,,,,,,,Kasey Neuendorf
rps_lng-HDO150038,rps_lng-RPT150037, Residential_  ,,23,Borboleta Street,,Tarneit,Vic,3029,4,2,2,,0,1999-01-01,,2023-04-12T19:46:02+01:00,,100005,,389.85,Weekly,,,,,,,,,,,,Kasey Neuendorf
rps_lng-HDO150046,rps_lng-RPT150045, Residential_  ,1,1A,Teague Avenue,,Brunswick West,Vic,3055,2,0,0,,0,1999-01-01,,2023-04-06T10:58:57+01:00,,100005,,500.09,Monthly,,,,,,,,,,,,Kasey Neuendorf
rps_lng-HDO150053,rps_lng-RPT150052, Residential_  ,,5,Crystal Road,,Melton South,Vic,3338,4,2,1,,0,1999-01-01,,2022-10-03T17:35:34+01:00,,100005,,335.08,Weekly,,,,,,,,,,,,Kasey Neuendorf
rps_lng-HDO150063,rps_lng-RPT120069, Residential_  ,,242,Union Street,,Brunswick West,Vic,3055,2,0,0,,0,1999-01-01,,2023-01-16T14:20:02+00:00,,100005,,600.0,Weekly,,,,,,,,,,,,Kasey Neuendorf
rps_lng-HDO150122,rps_lng-RPT150120, Residential_  ,,52,Millswyn Street,,South Yarra,Vic,3141,3,3,1,,0,1999-01-01,,2023-01-31T11:39:28+00:00,,100005,,2000.0,Weekly,,,,,,,,,,,,Kasey Neuendorf
rps_lng-HDO160004,rps_lng-RPT180001, Residential_  ,3,11,Troward Harvey Way,,Craigieburn,Vic,3064,2,2,1,,0,1999-01-01,,2023-01-30T12:10:18+00:00,,100005,,335.08,Monthly,,,,,,,,,,,,Kasey Neuendorf
rps_lng-HDO160020,rps_lng-RPT140026, Residential_  ,,29,Heddle Parade,,Mernda,Vic,3754,4,0,0,,0,1999-01-01,,2023-03-10T14:12:41+00:00,,100005,,449.92,Weekly,,,,,,,,,,,,Kasey Neuendorf
rps_lng-HDO160024,rps_lng-RPT160024, Residential_  ,,16,Kurrali Crescent,,Werribee,Vic,3030,3,2,1,,0,1999-01-01,,2022-10-31T12:36:32+00:00,,100005,,320.0,Monthly,,,,,,,,,,,,Kasey Neuendorf
rps_lng-HDO160035,rps_lng-RPT160035, Residential_  ,,20,Stoneleigh Circuit,,Williams Landing,Vic,3027,4,2,0,,0,1999-01-01,,2023-03-08T12:08:46+00:00,,100005,,429.9,Monthly,,,,,,,,,,,,Kasey Neuendorf
rps_lng-HDO160048,rps_lng-RPT120096, Residential_  ,,71,Longtree Drive,,Harkness,VIC,3337,4,0,0,,0,1999-01-01,,2023-07-20T12:31:14+01:00,,100005,,380.19,Monthly,,,,,,,,,,,,Kasey Neuendorf
rps_lng-HDO170001,rps_lng-RPT170001, Residential_  ,,13,Washington Street,,St Albans,Vic,3021,3,1,1,,0,1999-01-01,,2023-06-15T15:10:13+01:00,,100005,,320.0,Weekly,,,,,,,,,,,,Kasey Neuendorf
rps_lng-HDO170004,rps_lng-RPT170004, Residential_  ,,32,Boronia Avenue,,Wallan,Vic,3756,3,2,1,,0,1999-01-01,,2023-03-01T16:30:21+00:00,,100005,,385.02,Monthly,,,,,,,,,,,,Kasey Neuendorf
rps_lng-HDO170008,rps_lng-RPT170007, Residential_  ,,44,Boronia Avenue,,Wallan,Vic,3756,3,2,2,,0,1999-01-01,,2023-03-10T16:12:09+00:00,,100005,,385.02,Monthly,,,,,6.6,3.3,,,,,,Kasey Neuendorf
rps_lng-HDO170020,rps_lng-RPT170019, Residential_  ,,9,Norwood Avenue,,Weir Views,Vic,3338,4,0,0,,0,1999-01-01,,2023-08-08T11:49:30+01:00,,100005,,450.0,Weekly,,,,,,,,,,,,Kasey Neuendorf
rps_lng-HDO170028,rps_lng-RPT170027, Residential_  ,1,6,Maude Avenue,,Glenroy,VIC,3046,3,2,1,,0,1999-01-01,,2023-05-10T11:41:55+01:00,,100005,,490.0,Weekly,,,,,6.6,3.63,,,,,,Kasey Neuendorf
rps_lng-HDO170073,rps_lng-RPT170071, Residential_  ,707,240,Barkly Street,,Footscray,VIC,3011,2,1,1,,0,1999-01-01,,2023-06-15T10:14:11+01:00,,100005,,350.04,Monthly,,,,,,,,,,,,Kasey Neuendorf
rps_lng-HDO170074,rps_lng-RPT170072, Residential_  ,901,234-240,Barkly Street,,Footscray,VIC,3011,2,1,1,,0,1999-01-01,,2023-01-09T15:14:11+00:00,,100005,,395.0,Weekly,,,,,,,,,,,,Kasey Neuendorf
rps_lng-HDO170231,rps_lng-RPT170232, Residential_  ,604,165,Gladstone Street,,South Melbourne,VIC,3205,2,2,1,,0,1999-01-01,,2022-08-08T10:00:38+01:00,,100005,,599.97,Weekly,,,,,,,,,,,,Kasey Neuendorf
rps_lng-HDO170235,rps_lng-RPT170236, Residential_  ,106,109,Anderson Street,,Yarraville,VIC,3013,2,1,1,,0,1999-01-01,,2023-04-05T10:51:13+01:00,,100005,,520.11,Monthly,,,,,,,,,,,,Kasey Neuendorf
rps_lng-HDO180001,rps_lng-RPT180001, Residential_  ,2,41,Latham Street,,Werribee,VIC,3030,2,2,1,,0,1999-01-01,,2023-07-20T11:21:23+01:00,,100005,,359.93,Monthly,,,,,,,,,,,,Kasey Neuendorf
rps_lng-HDO180003,rps_lng-RPT180003, Residential_  ,,55,Crefden Street,,Maidstone,VIC,3012,3,3,1,,0,1999-01-01,,2023-05-31T17:11:05+01:00,,100005,,509.98,Monthly,,,,,,,,,,,,Kasey Neuendorf
rps_lng-HDO180012,rps_lng-RPT180012, Residential_  ,,6,Hidden Valley Drive,,Tarneit,Vic,3029,4,2,2,,0,1999-01-01,,2023-07-13T09:43:59+01:00,,100005,,410.1,Weekly,,,,,7.7,2.2,,,,,,Kasey Neuendorf
rps_lng-HDO180028,rps_lng-RPT180027, Residential_  ,,9,Pascoe Court,,Melton South,VIC,3337,4,2,2,,0,1999-01-01,,2022-09-05T20:57:10+01:00,,100005,,398.6,Monthly,,,,,,,,,,,,Kasey Neuendorf
rps_lng-HDO180030,rps_lng-RPT180029, Residential_  ,,28,Fellows Street,,Melton South,VIC,3338,4,2,1,,0,1999-01-01,,2023-01-20T10:05:10+00:00,,100005,,335.08,Monthly,,,,,,,,,,,,Kasey Neuendorf
rps_lng-HDO180055,rps_lng-RPT180054, Residential_  ,,71A,Rowan Drive,,Kealba,VIC,3020,2,1,2,,0,1999-01-01,,2022-06-02T15:01:05+01:00,,100005,,390.0,Monthly,,,,,,,,,,,,Kasey Neuendorf
rps_lng-HDO180135,rps_lng-RPT180139, Residential_  ,33,30,Leonard Crescent,,Ascot Vale,VIC,3032,2,2,0,,0,1999-01-01,,2023-01-18T10:21:48+00:00,,100005,,418.85,Monthly,,,,,,,,,,,,Kasey Neuendorf
rps_lng-HDO190007,rps_lng-RPT190007, Residential_  ,,17,Stoneyfell Road,,Point Cook,VIC,3030,4,2,2,,0,1999-01-01,,2022-12-22T17:01:51+00:00,,100005,,375.0,Monthly,,,,,,,,,,,,Kasey Neuendorf
rps_lng-HDO190063,rps_lng-RPT190063, Residential_  ,,57,Rowan Drive,,Kealba,Vic,3021,4,3,2,,0,1999-01-01,,2022-09-05T19:34:26+01:00,,100005,,440.02,Weekly,,,,,,,,,,,,Kasey Neuendorf
rps_lng-HDO190066,rps_lng-RPT190066, Residential_  ,G21,9,Hewitt Avenue,,Footscray,Vic,3011,1,1,1,,0,1999-01-01,,2023-01-09T15:14:11+00:00,,100005,,325.0,Weekly,,,,,,,,,,,,Kasey Neuendorf
rps_lng-HDO190067,rps_lng-RPT190067, Residential_  ,,64,Brownlow Drive,,Point Cook,VIC,3030,4,2,2,,0,1999-01-01,,2022-12-30T10:37:46+00:00,,100005,,460.04,Monthly,,,,,,,,,,,,Kasey Neuendorf
rps_lng-HDO190070,rps_lng-RPT190070, Residential_  ,109,9,Hewitt Avenue,,Footscray,Vic,3011,2,2,1,,0,1999-01-01,,2023-01-09T15:14:11+00:00,,100005,,420.0,Weekly,,,,,,,,,,,,Kasey Neuendorf
rps_lng-HDO190075,rps_lng-RPT190075, Residential_  ,,15,Edge View,,Point Cook,Vic,3030,3,2,2,,0,1999-01-01,,2023-05-01T09:03:27+01:00,,100005,,390.08,Monthly,,,,,,,,,,,,Kasey Neuendorf
rps_lng-HDO190076,rps_lng-RPT190076, Residential_  ,,10,Eva Avenue,,Point Cook,Vic,3030,4,2,2,,0,1999-01-01,,2023-08-16T12:54:10+01:00,,100005,,550.03,Monthly,,,,,,,,,,,,Kasey Neuendorf
rps_lng-HDO190091,rps_lng-RPT190091, Residential_  ,201,9,Hewitt Avenue,,Footscray,Vic,3011,2,1,1,,0,1999-01-01,,2023-02-22T11:09:18+00:00,,100005,,449.92,Monthly,,,,,,,,,,,,Kasey Neuendorf
rps_lng-HDO190115,rps_lng-RPT190115, Residential_  ,,40,Conquest Drive,,Werribee,VIC,3030,3,2,1,,0,1999-01-01,,2023-08-03T13:53:16+01:00,,100005,,449.92,Monthly,,,,,,,,,,,,Kasey Neuendorf
rps_lng-HDO190122,rps_lng-RPT190122, Residential_  ,,8,Vacation Way,,Point Cook,Vic,3030,4,2,2,,0,1999-01-01,,2022-09-21T14:40:47+01:00,,100005,,413.79,Monthly,,,,,,,,,,,,Kasey Neuendorf
rps_lng-HDO190126,rps_lng-RPT190126, Residential_  ,,3,Sundial Boulevard,,Tarneit,VIC,3029,4,0,0,,0,1999-01-01,,2023-08-10T12:14:00+01:00,,100005,,550.03,Monthly,,,,,,,,,,,,Kasey Neuendorf
rps_lng-HDO190133,rps_lng-RPT190133, Residential_  ,G17,9,Hewitt Avenue,,Footscray,VIC,3011,1,0,0,,0,1999-01-01,,2023-02-07T22:16:27+00:00,,100005,,340.0,Weekly,,,,,,,,,,,,Kasey Neuendorf
rps_lng-HDO190134,rps_lng-RPT190134, Residential_  ,117,9,Hewitt Avenue,,Footscray,Vic,3011,2,1,1,,0,1999-01-01,,2023-01-09T15:14:11+00:00,,100005,,425.0,Weekly,,,,,,,,,,,,Kasey Neuendorf
rps_lng-HDO190140,rps_lng-RPT190140, Residential_  ,,4,Calita Avenue,,Tarneit,Vic,3029,4,2,2,,0,1999-01-01,,2023-06-16T14:42:36+01:00,,100005,,375.0,Weekly,,,,,,,,,,,,Kasey Neuendorf
rps_lng-HDO190172,rps_lng-RPT190172, Residential_  ,,18,Stoneyfell Road,,Point Cook,Vic,3030,4,2,2,,0,1999-01-01,,2023-07-31T14:57:58+01:00,,100005,,520.11,Monthly,,,,,,,,,,,,Kasey Neuendorf
rps_lng-HDO190173,rps_lng-RPT190173, Residential_  ,,24,Monarma Walk,,Kealba,Vic,3021,4,2,2,,0,1999-01-01,,2023-06-13T16:09:33+01:00,,100005,,500.09,Monthly,,,,,,,,,,,,Kasey Neuendorf
rps_lng-HDO190174,rps_lng-RPT190174, Residential_  ,,51,Rowan Drive,,Kealba,Vic,3021,0,0,0,,0,1999-01-01,,2022-06-09T08:59:50+01:00,,100005,,380.19,Weekly,,,,,,,,,,,,Kasey Neuendorf
rps_lng-HDO190175,rps_lng-RPT190115, Residential_  ,,2,Blossom Lane,,Werribee,VIC,3030,3,2,1,,0,1999-01-01,,2023-05-17T12:38:09+01:00,,100005,,399.98,Weekly,,,,,,,,,,,,Kasey Neuendorf
rps_lng-HDO190184,rps_lng-RPT190172, Residential_  ,,142,Sandhurst Boulevard,,Sandhurst,Vic,3977,4,2,2,,0,1999-01-01,,2023-08-16T12:22:07+01:00,,100005,,680.05,Monthly,,,,,,,,,,,,Kasey Neuendorf
rps_lng-HDO190201,rps_lng-RPT190172, Residential_  ,,56,Hemsley Drive,,Deer Park,Vic,3023,4,2,2,,0,1999-01-01,,2023-02-09T10:14:45+00:00,,100005,,385.02,Weekly,,,,,,,,,,,,Kasey Neuendorf
rps_lng-HDO190208,rps_lng-RPT190208, Residential_  ,207,9,Hewitt Avenue,,Footscray,Vic,3011,0,0,0,,0,1999-01-01,,2023-07-27T19:14:44+01:00,,100005,,414.94,Monthly,,,,,,,,,,,,Kasey Neuendorf
rps_lng-HDO190214,rps_lng-RPT190172, Residential_  ,,20,Stoneyfell Road,,Point Cook,Vic,3030,4,2,2,,0,1999-01-01,,2023-08-08T18:04:06+01:00,,100005,,395.15,Weekly,,,,,,,,,,,,Kasey Neuendorf
rps_lng-HDO190229,rps_lng-RPT190229, Residential_  ,G15,9,Hewitt Avenue,,Footscray,Vic,3011,1,1,1,,0,1999-01-01,,2023-01-09T15:14:11+00:00,,100005,,375.0,Weekly,,,,,,,,,,,,Kasey Neuendorf
rps_lng-HDO190264,rps_lng-RPT190194, Residential_  ,,10,Lakewood Boulevard,,Melton,Vic,3337,3,2,2,,0,1999-01-01,,2023-07-31T09:34:23+01:00,,100005,,370.06,Monthly,,,,,,,,,,,,Kasey Neuendorf
rps_lng-HDO190265,rps_lng-RPT190265, Residential_  ,319,9,Hewitt Avenue,,Footscray,Vic,3011,2,1,1,,0,1999-01-01,,2023-01-30T12:15:07+00:00,,100005,,375.0,Weekly,,,,,,,,,,,,Kasey Neuendorf
rps_lng-HDO190267,rps_lng-RPT190115, Residential_  ,1,68,Conquest Drive,,Werribee,Vic,3030,3,2,1,,0,1999-01-01,,2023-03-22T16:17:10+00:00,,100005,,379.96,Monthly,,,,,,,,,,,,Kasey Neuendorf
rps_lng-HDO190289,rps_lng-RPT190289, Residential_  ,1,12,Gibralter Gardens,,Point Cook,Vic,3030,3,2,1,,0,1999-01-01,,2023-06-14T13:00:00+01:00,,100005,,370.06,Weekly,,,,,,,,,,,,Kasey Neuendorf
rps_lng-HDO190320,rps_lng-RPT190319, Residential_  ,,34,Hemsley Drive,,Deer Park,Vic,3023,4,2,2,,0,1999-01-01,,2022-09-05T19:30:31+01:00,,100005,,384.79,Weekly,,,,,,,,,,,,Kasey Neuendorf
rps_lng-HDO190321,rps_lng-RPT190321, Residential_  ,G10,9,Hewitt Avenue,,Footscray,Vic,3011,2,1,1,,0,1999-01-01,,2023-01-09T15:14:11+00:00,,100005,,370.0,Weekly,,,,,,,,,,,,Kasey Neuendorf
rps_lng-HDO190329,rps_lng-RPT190329, Residential_  ,,32,Hemsley Drive,,Deer Park,Vic,3023,4,2,2,,0,1999-01-01,,2023-06-14T13:09:43+01:00,,100005,,469.94,Weekly,,,,,,,,,,,,Kasey Neuendorf
rps_lng-HDO190398,rps_lng-HDO210121, Residential_  ,1,59,Pakington Street,,St Kilda East,VIC,3183,2,2,1,,0,1999-01-01,,2022-09-15T14:40:51+01:00,,100005,,509.98,Monthly,,,,,,,,,,,,Kasey Neuendorf
rps_lng-HDO190507,rps_lng-HDO190125, Residential_  ,,187,Victoria Parade,,Fitzroy,VIC,3065,3,2,3,,0,1999-01-01,,2023-06-16T10:53:53+01:00,,100005,,704.91,Weekly,,,,,,,,,,,,Kasey Neuendorf
rps_lng-HDO190510,rps_lng-HDO190128, Residential_  ,1907,7,Riverside Quay,,Southbank,VIC,3006,2,2,1,,0,1999-01-01,,2023-04-03T11:18:53+01:00,,100005,,750.02,Monthly,,,,,,,,,,,,Kasey Neuendorf
rps_lng-HDO190511,rps_lng-HDO190129, Residential_  ,1914,50,Albert Road,,South Melbourne,VIC,3205,2,2,1,,0,1999-01-01,,2023-07-11T11:29:51+01:00,,100005,,649.91,Monthly,,,,,7.7,4.4,,,,,25.0,Kasey Neuendorf
rps_lng-HDO190529,rps_lng-HDO190148, Residential_  ,22,106,Southbank Boulevard,,Southbank,VIC,3006,2,1,1,,0,1999-01-01,,2023-03-28T19:05:16+01:00,,100005,,564.99,Monthly,,,,,,,,,,,,Kasey Neuendorf
rps_lng-HDO190539,rps_lng-HDO190158, Residential_  ,28,14,Bell Street,,Coburg,VIC,3058,2,1,1,,0,1999-01-01,,2023-06-06T13:24:32+01:00,,100005,,375.0,Weekly,,,,,7.7,4.4,,,,,25.0,Kasey Neuendorf
rps_lng-HDO190540,rps_lng-HDO190285, Residential_  ,2801,8,Kavanagh Street,,Southbank,VIC,3006,4,4,3,,0,1999-01-01,,2023-08-01T15:08:30+01:00,,100005,,2699.97,Monthly,,,,,,,,,,,,Kasey Neuendorf
rps_lng-HDO190542,rps_lng-HDO190554, Residential_  ,2901,8,Kavanagh Street,,Southbank,VIC,3006,4,4,0,,0,1999-01-01,,2023-07-27T13:14:03+01:00,,100005,,2399.87,Monthly,,,,,,,,,,,,Kasey Neuendorf
rps_lng-HDO190548,rps_lng-HDO190166, Residential_  ,303,81,Queens Road,,Melbourne,VIC,3004,0,1,1,,0,1999-01-01,,2023-04-03T13:40:20+01:00,,100005,,295.0,Weekly,,,,,,,,,,,,Kasey Neuendorf
rps_lng-HDO190552,rps_lng-HDO190170, Residential_  ,306,74,Queens Road,,Melbourne,VIC,3004,1,1,1,,0,1999-01-01,,2023-03-22T15:19:29+00:00,,100005,,385.0,Weekly,,,,,,,,,,,,Kasey Neuendorf
rps_lng-HDO190581,rps_lng-HDO190199, Residential_  ,407,1,Roy Street,,Melbourne,VIC,3004,2,1,1,,0,1999-01-01,,2023-03-22T15:21:07+00:00,,100005,,520.0,Weekly,,,,,,,,,,,,Kasey Neuendorf
rps_lng-HDO190587,rps_lng-HDO190206, Residential_  ,4105,7,Riverside Quay,,Southbank,VIC,3006,2,2,1,,0,1999-01-01,,2023-03-23T13:41:17+00:00,,100005,,760.0,Weekly,,,,,,,,,,,,Kasey Neuendorf
rps_lng-HDO190592,rps_lng-HDO190210, Residential_  ,4207,7,Riverside Quay,,Southbank,VIC,3006,2,2,1,,0,1999-01-01,,2023-05-11T13:37:11+01:00,,100005,,979.92,Monthly,,,,,5.5,3.3,,,,,25.0,Kasey Neuendorf
rps_lng-HDO190608,rps_lng-HDO190389, Residential_  ,61,195,Beaconsfield Parade,,Middle Park,VIC,3206,2,1,1,,0,1999-01-01,,2023-06-14T12:09:05+01:00,,100005,,500.0,Weekly,,,,,6.6,3.3,,,,,25.0,Kasey Neuendorf
rps_lng-HDO190628,rps_lng-HDO190242, Residential_  ,8,29-31,Brighton Road,,St Kilda,VIC,3182,2,1,1,,0,1999-01-01,,2023-03-28T19:03:53+01:00,,100005,,450.0,Weekly,,,,,6.6,4.4,,,,,25.0,Kasey Neuendorf
rps_lng-HDO190630,rps_lng-HDO190244, Residential_  ,805,108,Flinders Street,,Melbourne,VIC,3000,1,1,1,,0,1999-01-01,,2023-06-14T12:18:49+01:00,,100005,,344.98,Weekly,,,,,6.6,3.3,,,,,25.0,Kasey Neuendorf
rps_lng-HDO190634,rps_lng-HDO190248, Residential_  ,8D,29,Queens Road,,Melbourne,VIC,3004,2,2,1,,0,1999-01-01,,2023-03-22T15:27:12+00:00,,100005,,830.1,Monthly,,,,,,,,,,,,Kasey Neuendorf
rps_lng-HDO190685,rps_lng-HDO190296, Residential_  ,,38,Tambo Crescent,,Taylors Hill,VIC,3037,4,2,2,,0,1999-01-01,,2023-05-24T19:19:08+01:00,,100005,,480.0,Weekly,,,,,6.6,1.32,,,,,,Kasey Neuendorf
rps_lng-HDO190917,rps_lng-HDO190490, Residential_  ,,2,Oxbow Walk,,Truganina,VIC,3029,3,2,2,,0,1999-01-01,,2023-07-20T12:15:23+01:00,,100005,,380.19,Monthly,,,,,,,,,,,,Kasey Neuendorf
rps_lng-HDO190952,rps_lng-HDO190735, Residential_  ,,38,Queen Street,,Coburg,VIC,3058,3,1,2,,0,1999-01-01,,2023-08-08T16:52:31+01:00,,100005,,750.02,Monthly,,,,,,,,,,,,Kasey Neuendorf
rps_lng-HDO190959,rps_lng-HDO190525, Residential_  ,,9,Crown Street,,Footscray,VIC,3011,2,1,1,,0,1999-01-01,,2023-03-28T19:04:34+01:00,,100005,,420.0,Weekly,,,,,,,,,,,,Kasey Neuendorf
rps_lng-HDO190995,rps_lng-HDO190553, Residential_  ,,43,Williams Landing Boulevard,,Williams Landing,VIC,3027,3,2,2,,0,1999-01-01,,2022-07-28T16:58:01+01:00,,100005,,449.92,Monthly,,,,,,,,,,,,Kasey Neuendorf
rps_lng-HDO191014,rps_lng-HDO190571, Residential_  ,9,6-8,Brentwood Avenue,,Pascoe Vale South,VIC,3044,3,1,2,,0,1999-01-01,,2023-08-18T15:20:36+01:00,,100005,,500.09,Monthly,,,,,,,,,,,,Kasey Neuendorf
rps_lng-HDO191133,rps_lng-HDO190695, Residential_  ,,25,Cressy Street,,Werribee,VIC,3030,4,2,2,,0,1999-01-01,,2023-01-30T15:43:10+00:00,,100005,,449.92,Monthly,,,,,6.6,1.65,,,,,,Kasey Neuendorf
rps_lng-HDO191134,rps_lng-HDO190696, Residential_  ,3,222,Keilor Road,,Essendon North,VIC,3041,2,2,1,,0,1999-01-01,,2023-08-17T10:44:51+01:00,,100005,,400.21,Monthly,,,,,7.7,2.2,,,,,20.0,Kasey Neuendorf
rps_lng-HDO191147,rps_lng-HDO190705, Residential_  ,1713,18,Mt Alexander Road,,Travancore,VIC,3032,2,1,1,,0,1999-01-01,,2022-06-02T15:01:05+01:00,,100005,,454.98,Weekly,,,,,,,,,,,,Kasey Neuendorf
rps_lng-HDO191230,rps_lng-HDO190553, Residential_  ,4,96,Northumberland Road,,Pascoe Vale,VIC,3044,2,2,1,,0,1999-01-01,,2023-03-06T09:24:14+00:00,,100005,,489.96,Monthly,,,,,,,,,,,,Kasey Neuendorf
rps_lng-HDO191272,rps_lng-HDO190797, Residential_  ,,48,Salisbury Street,,Newport,VIC,3015,3,1,1,,0,1999-01-01,,2023-01-09T15:14:11+00:00,,100005,,500.0,Weekly,,,,,,,,,,,,Kasey Neuendorf
rps_lng-HDO191279,rps_lng-HDO190525, Residential_  ,,27,Chapel Mews,,South Yarra,VIC,3141,0,0,0,,0,1999-01-01,,2023-03-22T15:28:01+00:00,,100005,,550.0,Weekly,,,,,,,,,,,,Kasey Neuendorf
rps_lng-HDO200014,rps_lng-HDO200011, Residential_  ,,43,Kurrali Crescent,,Werribee,VIC,3030,4,2,2,,0,1999-01-01,,2023-03-16T14:17:11+00:00,,100005,,390.0,Weekly,,,,,,,,,,,,Kasey Neuendorf
rps_lng-HDO200075,rps_lng-HDO200064, Residential_  ,,9,Thoresby Street,,Doreen,VIC,3754,3,2,3,,0,1999-01-01,,2022-07-18T09:28:04+01:00,,100005,,429.9,Monthly,,,,,,,,,,,,Kasey Neuendorf
rps_lng-HDO200076,rps_lng-HDO200064, Residential_  ,,32,Tundra Esplanade,,Werribee,VIC,3030,4,2,2,,0,1999-01-01,,2022-08-25T14:29:35+01:00,,100005,,410.0,Weekly,,,,,,,,,,,,Kasey Neuendorf
rps_lng-HDO200113,rps_lng-HDO200093, Residential_  ,,35,Riches Street,,Tarneit,VIC,3029,4,2,2,,0,1999-01-01,,2023-01-09T15:14:11+00:00,,100005,,425.0,Weekly,,,,,,,,,,,,Kasey Neuendorf
rps_lng-HDO200164,rps_lng-HDO200131, Residential_  ,909,35,Malcolm Street,,South Yarra,VIC,3141,2,2,1,,0,1999-01-01,,2023-06-06T13:15:46+01:00,,100005,,770.04,Monthly,,,,,,,,,,,,Kasey Neuendorf
rps_lng-HDO200287,rps_lng-HDO200212, Residential_  ,,7,Mossop Road,,Tarneit,VIC,3029,4,2,0,,0,1999-01-01,,2023-08-17T13:42:51+01:00,,100005,,400.0,Weekly,,,,,6.05,2.2,,,,,,Kasey Neuendorf
rps_lng-HDO200296,rps_lng-HDO200220, Residential_  ,,6,Aintree Street,,Brunswick East,VIC,3057,2,1,0,,0,1999-01-01,,2023-08-07T18:15:02+01:00,,100005,,550.03,Monthly,,,,,4.95,1.65,,,,,,Kasey Neuendorf
rps_lng-HDO200300,rps_lng-HDO200219, Residential_  ,,2B,Burton Street,,Lalor,VIC,3075,2,1,1,,0,1999-01-01,,2023-08-18T17:41:05+01:00,,100005,,365.0,Monthly,,,,,,,,,,,,Kasey Neuendorf
rps_lng-HDO200325,rps_lng-HDO200242, Residential_  ,,44,Fewster Circuit,,Mickleham,VIC,3064,2,2,1,,0,1999-01-01,,2022-12-23T12:45:16+00:00,,100005,,340.0,Weekly,,,,,,,,,,,,Kasey Neuendorf
rps_lng-HDO200391,rps_lng-HDO200292, Residential_  ,2,59,Doherty Street,,Deer Park,VIC,3023,3,1,1,,0,1999-01-01,,2023-03-08T08:40:41+00:00,,100005,,385.02,Monthly,,,,,,,,,,,,Kasey Neuendorf
rps_lng-HDO200400,rps_lng-HDO200300, Residential_  ,,22,Timbarra Chase,,Cobblebank,VIC,3338,3,2,2,,0,1999-01-01,,2023-01-18T15:19:55+00:00,,100005,,375.12,Monthly,,,,,,,,,,,,Kasey Neuendorf
rps_lng-HDO200434,rps_lng-HDO200328, Residential_  ,,2a,Crampton Crescent,,Mill Park,VIC,3082,3,2,2,,0,1999-01-01,,2023-05-31T16:52:39+01:00,,100005,,450.0,Weekly,,,,,6.6,2.2,,,,,,Kasey Neuendorf
rps_lng-HDO210031,rps_lng-HDO210026, Residential_  ,,9,Autumn Fields Circuit,,Tarneit,VIC,3029,4,2,2,,0,1999-01-01,,2023-04-12T19:53:55+01:00,,100005,,479.84,Monthly,,,,,6.6,2.2,,,,,,Kasey Neuendorf
rps_lng-HDO210036,rps_lng-HDO210031, Residential_  ,204,165-167,Gladstone Street,,South Melbourne,VIC,3205,1,1,0,,0,1999-01-01,,2023-03-02T16:51:59+00:00,,100005,,330.02,Monthly,,,,,7.7,2.2,,,,,,Kasey Neuendorf
rps_lng-HDO210068,rps_lng-HDO210060, Residential_  ,2,64,Snell Grove,,Oak Park,VIC,3046,0,0,0,,0,1999-01-01,,2023-05-11T10:34:09+01:00,,100005,,350.04,Weekly,,,,,6.6,2.2,,,,,,Kasey Neuendorf
rps_lng-HDO210078,rps_lng-HDO210069, Residential_  ,,43,Camelot Drive,,Tarneit,VIC,3029,4,2,2,,0,1999-01-01,,2022-08-30T08:26:30+01:00,,100005,,410.1,Monthly,,,,,4.99,1.65,,,,,,Kasey Neuendorf
rps_lng-HDO210112,rps_lng-HDO210094, Residential_  ,,17,Houston Drive,,Thornhill Park,VIC,3335,3,2,2,,0,1999-01-01,,2023-03-21T08:39:05+00:00,,100005,,379.96,Monthly,,,,,,,,,,,,Kasey Neuendorf
rps_lng-HDO210119,rps_lng-HDO210100, Residential_  ,,6,Beamish Street,,Werribee,VIC,3030,3,1,2,,0,1999-01-01,,2023-07-17T14:35:36+01:00,,100005,,390.08,Monthly,,,,,6.6,2.2,,,,,,Kasey Neuendorf
rps_lng-HDO210128,rps_lng-HDO210106, Residential_  ,,12,Paramount Boulevard,,Wyndham Vale,VIC,3024,3,2,2,,0,1999-01-01,,2023-03-07T11:51:41+00:00,,100005,,375.12,Monthly,,,,,6.6,2.2,,,,,,Kasey Neuendorf
rps_lng-HDO210136,rps_lng-HDO210112, Residential_  ,,14,Armstrong Street,,Laverton,VIC,3028,4,2,1,,0,1999-01-01,,2023-04-05T10:16:33+01:00,,100005,,450.0,Weekly,,,,,,,,,,,,Kasey Neuendorf
rps_lng-HDO210145,rps_lng-HDO200212, Residential_  ,,41,Aurich Street,,Weir Views,VIC,3338,4,2,2,,0,1999-01-01,,2023-05-22T14:08:43+01:00,,100005,,350.0,Monthly,,,,,6.05,2.2,,,,,,Kasey Neuendorf
rps_lng-HDO210146,rps_lng-HDO210122, Residential_  ,,46,Wyndham Street,,Werribee,VIC,3030,3,1,2,,0,1999-01-01,,2023-06-21T17:30:57+01:00,,100005,,420.0,Monthly,,,,,,,,,,,,Kasey Neuendorf
rps_lng-HDO210218,rps_lng-HDO210182, Residential_  ,2,22,Leonard Avenue,,Glenroy,VIC,3046,3,2,2,,0,1999-01-01,,2023-01-09T15:14:11+00:00,,100005,,450.0,Weekly,,,,,6.6,1.65,,,,,,Kasey Neuendorf
rps_lng-HDO210224,rps_lng-HDO210188, Residential_  ,,6,Lafayette Crescent,,Point Cook,VIC,3030,4,2,2,,0,1999-01-01,,2023-01-31T09:41:42+00:00,,100005,,410.0,Monthly,,,,,6.6,2.2,,,,,,Kasey Neuendorf
rps_lng-HDO210226,rps_lng-RPT140026, Residential_  ,,19,Nuttall Street,,Mambourin,VIC,3024,4,2,2,,0,1999-01-01,,2022-09-06T13:50:57+01:00,,100005,,390.0,Weekly,,,,,4.4,3.3,,,,,,Kasey Neuendorf
rps_lng-HDO210227,rps_lng-HDO210190, Residential_  ,,17,Northam Street,,Mambourin,VIC,3024,4,2,2,,0,1999-01-01,,2022-09-06T13:54:04+01:00,,100005,,410.1,Monthly,,,,,4.4,3.3,,,,,,Kasey Neuendorf
rps_lng-HDO210242,rps_lng-HDO210112, Residential_  ,,1,Third Avenue,,Hoppers Crossing,VIC,3029,3,2,1,,0,1999-01-01,,2022-06-02T15:01:05+01:00,,100005,,340.0,Weekly,,,,,6.6,1.65,,,,,,Kasey Neuendorf
rps_lng-HDO210251,rps_lng-HDO210210, Residential_  ,,15,Alderney Street,,Tarneit,VIC,3029,3,2,2,,0,1999-01-01,,2023-04-12T12:07:22+01:00,,100005,,390.08,Monthly,,,,,7.7,2.2,,,,,,Kasey Neuendorf
rps_lng-HDO210271,rps_lng-HDO210228, Residential_  ,1,46,Primrose Street,,Moonee Ponds,VIC,3039,2,1,1,,0,1999-01-01,,2023-08-15T15:38:59+01:00,,100005,,440.0,Weekly,,,,,8.8,2.2,,,,,,Kasey Neuendorf
rps_lng-HDO210296,rps_lng-HDO210247, Residential_  ,503,18,Hoff Boulevard,,Southbank,VIC,3006,2,2,1,,0,1999-01-01,,2023-07-10T14:34:06+01:00,,100005,,799.96,Monthly,,,,,7.7,1.65,,,,,,Kasey Neuendorf
rps_lng-HDO210307,rps_lng-HDO210259, Residential_  ,,6,Peers Street,,Richmond,VIC,3121,2,1,0,,0,1999-01-01,,2023-08-16T13:00:52+01:00,,100005,,650.0,Weekly,,,,,5.5,1.1,,,,,,Kasey Neuendorf
rps_lng-HDO210327,rps_lng-HDO210272, Residential_  ,,4,Curzon Place,,North Melbourne,VIC,3051,3,3,1,,0,1999-01-01,,2023-04-17T12:45:00+01:00,,100005,,689.95,Monthly,,,,,5.5,2.2,,,,,,Kasey Neuendorf
rps_lng-HDO210330,rps_lng-HDO210275, Residential_  ,,6,Florence Place,,Sunshine West,VIC,3020,4,2,2,,0,1999-01-01,,2023-03-17T11:13:04+00:00,,100005,,470.0,Weekly,,,,,6.6,1.65,,,,,,Kasey Neuendorf
rps_lng-HDO210334,rps_lng-HDO210279, Residential_  ,,33b,Angliss Street,,Yarraville,VIC,3013,3,2,1,,0,1999-01-01,,2022-08-09T13:01:01+01:00,,100005,,695.0,Weekly,,,,,6.6,1.1,,,,,,Kasey Neuendorf
rps_lng-HDO210354,rps_lng-HDO210294, Residential_  ,501,199,William Street,,Melbourne,VIC,3000,2,1,0,,0,1999-01-01,,2023-03-23T15:33:21+00:00,,100005,,500.0,Weekly,,,,,7.15,1.65,,,,,,Kasey Neuendorf
rps_lng-HDO210405,rps_lng-HDO210338, Residential_  ,,20,Paramount Boulevard,,Wyndham Vale,VIC,3024,3,2,2,,0,1999-01-01,,2023-03-15T16:43:35+00:00,,100005,,373.97,Monthly,,,,,,,,,,,,Kasey Neuendorf
rps_lng-HDO210408,rps_lng-HDO210341, Residential_  ,108,23-25,Clapham Street,,Thornbury,VIC,3071,1,1,1,,0,1999-01-01,,2023-03-02T09:56:51+00:00,,100005,,379.96,Monthly,,,,,6.6,1.65,,,,,,Kasey Neuendorf
rps_lng-HDO210413,rps_lng-HDO210346, Residential_  ,,19,Chelmsford Street,,Kensington,VIC,3031,3,1,0,,0,1999-01-01,,2023-03-22T15:31:29+00:00,,100005,,700.0,Weekly,,,,,6.6,1.65,,,,,,Kasey Neuendorf
rps_lng-HDO210436,rps_lng-HDO210370, Residential_  ,,14,Bighorn Road,,Truganina,VIC,3029,4,2,2,,0,1999-01-01,,2023-03-10T12:28:32+00:00,,100005,,440.0,Weekly,,,,,6.6,2.2,,,,,,Kasey Neuendorf
rps_lng-HDO210442,rps_lng-HDO210376, Residential_  ,518,199,William Street,,Melbourne,VIC,3000,1,1,0,,0,1999-01-01,,2023-04-12T10:59:41+01:00,,100005,,379.96,Monthly,,,,,7.15,1.65,,,,,,Kasey Neuendorf
rps_lng-HDO210452,rps_lng-HDO210228, Residential_  ,,94,Waverley Street,,Moonee Ponds,VIC,3039,4,2,1,,0,1999-01-01,,2023-01-12T16:49:40+00:00,,100005,,750.02,Monthly,,,,,4.4,1.65,,,,,,Kasey Neuendorf
rps_lng-HDO210459,rps_lng-HDO210391, Residential_  ,,35,Spring Street,,Tullamarine,VIC,3043,3,2,2,,0,1999-01-01,,2023-07-31T12:57:02+01:00,,100005,,445.08,Monthly,,,,,6.6,1.65,,,,,,Kasey Neuendorf
rps_lng-HDO210467,rps_lng-HDO210397, Residential_  ,,18,Mannikins Way,,Williams Landing,VIC,3027,4,2,2,,0,1999-01-01,,2023-01-23T09:12:00+00:00,,100005,,460.04,Monthly,,,,,6.6,1.65,,,,,,Kasey Neuendorf
rps_lng-HDO210486,rps_lng-HDO210409, Residential_  ,3,12,Fawkner Road,,Pascoe Vale,VIC,3044,2,1,1,,0,1999-01-01,,2023-04-26T11:23:12+01:00,,100005,,436.34,Monthly,,,,,6.6,1.65,,,,,,Kasey Neuendorf
rps_lng-HDO210498,rps_lng-HDO210422, Residential_  ,,7,Farrier Road,,Wyndham Vale,VIC,3024,5,2,2,,0,1999-01-01,,2023-03-07T09:19:25+00:00,,100005,,399.98,Monthly,,,,,6.6,2.2,,,,,,Kasey Neuendorf
rps_lng-HDO210501,rps_lng-HDO210424, Residential_  ,,6,Reginato Court,,Tarneit,VIC,3029,3,2,2,,0,1999-01-01,,2022-06-02T15:01:05+01:00,,100005,,400.0,Weekly,,,,,6.6,2.2,,,,,,Kasey Neuendorf
rps_lng-HDO210526,rps_lng-HDO210447, Residential_  ,317,71,Henry Street,,Kensington,VIC,3031,2,2,1,,0,1999-01-01,,2023-01-09T15:14:11+00:00,,100005,,500.0,Weekly,,,,,6.05,1.65,,,,,,Kasey Neuendorf
rps_lng-HDO210536,rps_lng-HDO210456, Residential_  ,,4,Solo Street,,Point Cook,VIC,3030,4,2,2,,0,1999-01-01,,2023-01-25T14:16:53+00:00,,100005,,440.0,Weekly,,,,,6.05,1.65,,,,,,Kasey Neuendorf
rps_lng-HDO220008,rps_lng-HDO220008, Residential_  ,,114,Morris Street,,Sunshine,VIC,3020,3,1,0,,0,1999-01-01,,2023-02-10T15:23:32+00:00,,100005,,450.0,Weekly,,,,,6.05,1.1,,,,,,Kasey Neuendorf
rps_lng-HDO220041,rps_lng-HDO220034, Residential_  ,,30,Marriot Boulevard,,Melton South,VIC,3338,4,2,2,,0,1999-01-01,,2023-04-03T07:54:40+01:00,,100005,,360.0,Weekly,,,,,6.6,2.2,,,,,,Kasey Neuendorf
rps_lng-HDO220056,rps_lng-HDO210112, Residential_  ,,5,Muirhead Crescent,,Werribee,VIC,3030,3,1,1,,0,1999-01-01,,2023-04-13T19:51:18+01:00,,100005,,299.87,Monthly,,,,,,,,,,,,Kasey Neuendorf
rps_lng-HDO220112,rps_lng-HDO220093, Residential_  ,,16,Serene Street,,Tarneit,VIC,3029,0,0,0,,0,1999-01-01,,2022-07-06T17:15:03+01:00,,100005,,460.0,Weekly,,,,,5.5,2.2,,,,,,Kasey Neuendorf
rps_lng-HDO220131,rps_lng-HDO220109, Residential_  ,,7,Perivale Crescent,,Wyndham Vale,VIC,3024,4,2,2,,0,1999-01-01,,2023-07-06T14:42:43+01:00,,100005,,365.0,Weekly,,,,,6.6,2.2,,,,,,Kasey Neuendorf
rps_lng-HDO220143,rps_lng-HDO220120, Residential_  ,1310,8,Hallenstein Street,,Footscray,VIC,3011,2,2,1,,0,1999-01-01,,2023-03-22T15:34:11+00:00,,100005,,400.0,Weekly,,,,,6.6,2.2,,,,,,Kasey Neuendorf
rps_lng-HDO220146,rps_lng-HDO220123, Residential_  ,327,40,Hall Street,,Moonee Ponds,VIC,3039,1,1,1,,0,1999-01-01,,2023-07-14T17:08:47+01:00,,100005,,550.0,Weekly,,,,,6.6,1.65,,,,,,Kasey Neuendorf
rps_lng-HDO220153,rps_lng-HDO220129, Residential_  ,,34,Chirnside Street,,Kingsville,VIC,3012,3,2,2,,0,1999-01-01,,2023-08-04T13:46:15+01:00,,100005,,775.1,Monthly,,,,,6.6,1.65,,,,,,Kasey Neuendorf
rps_lng-HDO220157,rps_lng-HDO220133, Residential_  ,,83,Madisons Avenue,,Diggers Rest,VIC,3427,4,3,2,,0,1999-01-01,,2023-06-26T08:08:14+01:00,,100005,,550.03,Monthly,,,,,6.05,1.65,,,,,,Kasey Neuendorf
rps_lng-HDO220183,rps_lng-HDO220155, Residential_  ,,5,Vista Drive,,Melton,VIC,3337,3,2,2,,0,1999-01-01,,2023-05-22T23:17:17+01:00,,100005,,350.0,Weekly,,,,,6.6,2.2,,,,,,Kasey Neuendorf
rps_lng-HDO220217,rps_lng-HDO220183, Residential_  ,,50,Selbourne Street,,Strathtulloh,VIC,3338,4,2,2,,0,1999-01-01,,2023-03-28T11:13:34+01:00,,100005,,380.0,Weekly,,,,,6.6,2.2,,,,,,Kasey Neuendorf
rps_lng-HDO220224,rps_lng-HDO220189, Residential_  ,,8,Hanson Street,,Thornhill Park,VIC,3335,4,2,2,,0,1999-01-01,,2023-03-17T10:14:17+00:00,,100005,,370.0,Weekly,,,,,7.7,2.2,,,,,,Kasey Neuendorf
rps_lng-HDO220225,rps_lng-HDO220190, Residential_  ,,19,Thrums Road,,Mambourin,VIC,3024,3,2,1,,0,1999-01-01,,2023-03-30T09:26:58+01:00,,100005,,335.0,Weekly,,,,,7.7,2.2,,,,,,Kasey Neuendorf
rps_lng-HDO220232,rps_lng-HDO220195, Residential_  ,328,20,Shamrock Street,,Abbotsford,VIC,3067,2,2,1,,0,1999-01-01,,2022-08-11T15:49:31+01:00,,100005,,460.04,Weekly,,,,,7.15,1.65,,,,,,Kasey Neuendorf
rps_lng-HDO220250,rps_lng-HDO220210, Residential_  ,,150,Park Drive,,Parkville,VIC,3052,3,1,1,,0,1999-01-01,,2023-03-28T18:53:16+01:00,,100005,,650.0,Weekly,,,,,4.95,1.1,,,,,,Kasey Neuendorf
rps_lng-HDO220251,rps_lng-HDO220210, Residential_  ,5,8,Murray Street,,Brunswick West,VIC,3055,0,0,0,,0,1999-01-01,,2023-03-28T18:54:04+01:00,,100005,,400.0,Weekly,,,,,6.05,1.1,,,,,,Kasey Neuendorf
rps_lng-HDO220268,rps_lng-RPT130252, Residential_  ,,8,Scotsburn Grove,,Werribee,VIC,3030,4,2,2,,0,1999-01-01,,2023-01-09T15:14:11+00:00,,100005,,410.0,Weekly,,,,,6.6,1.65,,,,,,Kasey Neuendorf
rps_lng-HDO220273,rps_lng-HDO210320, Residential_  ,,63,Loyola Road,,Werribee,VIC,3030,3,1,1,,0,1999-01-01,,2023-08-09T17:53:42+01:00,,100005,,370.06,Weekly,,,,,,,,,,,,Kasey Neuendorf
rps_lng-HDO220296,rps_lng-HDO220246, Residential_  ,,23,Houston Drive,,Thornhill Park,VIC,3335,4,2,2,,0,1999-01-01,,2023-06-06T12:13:58+01:00,,100005,,385.0,Weekly,,,,,,,,,,,,Kasey Neuendorf
rps_lng-HDO220304,rps_lng-HDO220254, Residential_  ,,45,Lynwood Drive,,Thornhill Park,VIC,3335,3,2,1,,0,1999-01-01,,2023-04-04T14:56:48+01:00,,100005,,375.12,Monthly,,,,,,,,,,,,Kasey Neuendorf
rps_lng-HDO220337,rps_lng-HDO220280, Residential_  ,G13,358,Moreland Road,,Brunswick West,VIC,3055,2,1,1,,0,1999-01-01,,2022-11-04T15:53:08+00:00,,100005,,420.0,Monthly,,,,,6.05,2.2,,,,,,Kasey Neuendorf
rps_lng-HDO220363,rps_lng-HDO200328, Residential_  ,,215,Childs Road,,Mill Park,VIC,3082,4,2,2,,0,1999-01-01,,2023-02-02T10:26:29+00:00,,100005,,599.97,Monthly,,,,,,,,,,,,Kasey Neuendorf
rps_lng-HDO220366,rps_lng-HDO220304, Residential_  ,,51,Morningside Drive,,Thornhill Park,VIC,3335,4,2,2,,0,1999-01-01,,2023-05-10T11:37:33+01:00,,100005,,420.0,Monthly,,,,,7.7,2.2,,,,,,Kasey Neuendorf
rps_lng-HDO220383,rps_lng-HDO220319, Residential_  ,,35,Gallaxus Avenue,,Wyndham Vale,VIC,3024,3,2,2,,0,1999-01-01,,2023-02-09T10:05:19+00:00,,100005,,360.16,Monthly,,,,,7.7,2.2,,,,,,Kasey Neuendorf
rps_lng-HDO220384,rps_lng-HDO220320, Residential_  ,,26,Odsal Walk,,Strathtulloh,VIC,3338,3,2,2,,0,1999-01-01,,2023-03-16T20:51:16+00:00,,100005,,345.0,Weekly,,,,,7.7,2.2,,,,,,Kasey Neuendorf
rps_lng-HDO220408,rps_lng-HDO220341, Residential_  ,,29,Aruba Avenue,,Point Cook,VIC,3030,4,2,2,,0,1999-01-01,,2023-06-14T16:14:49+01:00,,100005,,520.11,Monthly,,,,,4.95,1.65,,,,,,Kasey Neuendorf
rps_lng-HDO220465,rps_lng-HDO220396, Residential_  ,,15,Wonnangatta Crescent,,Weir Views,VIC,3338,4,2,2,,0,1999-01-01,,2023-01-09T15:14:11+00:00,,100005,,420.0,Weekly,,,,,6.05,1.65,,,,,,Kasey Neuendorf
rps_lng-HDO220468,rps_lng-HDO220398, Residential_  ,,18,Steadfield Circuit,,Melton South,VIC,3338,3,2,2,,0,1999-01-01,,2023-05-04T21:18:17+01:00,,100005,,385.0,Weekly,,,,,,,,,,,,Kasey Neuendorf
rps_lng-HDO220471,rps_lng-HDO220402, Residential_  ,,44,Moorna Drive,,Airport West,VIC,3042,4,2,1,,0,1999-01-01,,2023-01-10T10:40:39+00:00,,100005,,675.0,Weekly,,,,,,,,,,,,Kasey Neuendorf
rps_lng-HDO220479,rps_lng-HDO220411, Residential_  ,125,28,Southgate Avenue,,Southbank,VIC,3006,2,2,0,,0,1999-01-01,,2023-08-17T10:22:36+01:00,,100005,,800.0,Weekly,,,,,5.5,1.1,,,,,,Kasey Neuendorf
rps_lng-HDO220482,rps_lng-HDO220412, Residential_  ,,6A,Butler Street,,Essendon,VIC,3040,4,3,2,,0,1999-01-01,,2023-03-28T18:55:23+01:00,,100005,,765.0,Weekly,,,,,6.05,1.32,,,,,,Kasey Neuendorf
rps_lng-HDO220483,rps_lng-HDO220413, Residential_  ,,66,Kingdom Boulevard,,Weir Views,VIC,3338,3,2,1,,0,1999-01-01,,2023-03-27T17:50:44+01:00,,100005,,370.0,Weekly,,,,,6.6,2.2,,,,,,Kasey Neuendorf
rps_lng-HDO220504,rps_lng-HDO220320, Residential_  ,,101,Bingham Circuit,,Thornhill Park,VIC,3335,3,2,1,,0,1999-01-01,,2023-03-08T12:57:16+00:00,,100005,,355.0,Weekly,,,,,7.7,2.2,,,,,,Kasey Neuendorf
rps_lng-HDO220524,rps_lng-HDO220454, Residential_  ,610,18,Hoff Boulevard,,Southbank,VIC,3006,2,2,0,,0,1999-01-01,,2023-03-28T18:56:05+01:00,,100005,,700.0,Weekly,,,,,6.6,1.65,,,,,,Kasey Neuendorf
rps_lng-HDO220537,rps_lng-HDO220466, Residential_  ,,41,Kasai Walk,,Truganina,VIC,3029,4,3,2,,0,1999-01-01,,2023-01-31T15:18:26+00:00,,100005,,420.0,Weekly,,,,,,,,,,,,Kasey Neuendorf
rps_lng-HDO220543,rps_lng-HDO220471, Residential_  ,3006A,260,Spencer Street,,Melbourne,VIC,3000,1,1,0,,0,1999-01-01,,2023-08-18T11:18:33+01:00,,100005,,500.0,Weekly,,,,,6.05,1.1,,,,,,Kasey Neuendorf
rps_lng-HDO220578,rps_lng-HDO220398, Residential_  ,,28,Steadfield Circuit,,Melton South,VIC,3338,3,2,2,,0,1999-01-01,,2023-05-11T12:48:32+01:00,,100005,,375.0,Weekly,,,,,,,,,,,,Kasey Neuendorf
rps_lng-HDO220585,rps_lng-HDO220507, Residential_  ,,58,Meander Road,,Doreen,VIC,3754,3,2,2,,0,1999-01-01,,2022-12-23T07:46:35+00:00,,100005,,460.0,Weekly,,,,,,,,,,,,Kasey Neuendorf
rps_lng-HDO220594,rps_lng-HDO220515, Residential_  ,,200,Station Street,,Fairfield,VIC,3078,2,1,2,,0,1999-01-01,,2022-12-20T15:38:14+00:00,,100005,,650.0,Weekly,,,,,6.05,1.65,,,,,,Kasey Neuendorf
rps_lng-HDO220669,rps_lng-HDO220570, Residential_  ,4,4,Orange Street,,Braybrook,VIC,3019,2,1,1,,0,1999-01-01,,2023-04-04T11:07:02+01:00,,100005,,410.0,Weekly,,,,,,,,,,,,Kasey Neuendorf
rps_lng-HDO220671,rps_lng-HDO220572, Residential_  ,1,37,Staley Street,,Brunswick,VIC,3056,2,1,1,,0,1999-01-01,,2023-07-18T18:38:51+01:00,,100005,,450.0,Weekly,,,,,6.6,1.65,,,,,,Kasey Neuendorf
rps_lng-HDO220702,rps_lng-HDO220600, Residential_  ,,37,The Avenue,,Sunbury,VIC,3429,4,2,2,,0,1999-01-01,,2023-05-15T21:37:22+01:00,,100005,,540.0,Weekly,,,,,4.95,1.1,,,,,,Kasey Neuendorf
rps_lng-HDO220707,rps_lng-HDO220604, Residential_  ,,68,Conservatory Drive,,Deanside,VIC,3336,3,2,2,,0,1999-01-01,,2023-02-21T15:04:59+00:00,,100005,,380.0,Weekly,,,,,7.7,2.2,,,,,,Kasey Neuendorf
rps_lng-HDO220708,rps_lng-HDO220604, Residential_  ,,70,Conservatory Drive,,Deanside,VIC,3336,3,2,2,,0,1999-01-01,,2023-03-22T15:28:50+00:00,,100005,,380.0,Weekly,,,,,7.7,2.2,,,,,,Kasey Neuendorf
rps_lng-HDO230011,rps_lng-HDO230011, Residential_  ,,56,Conservatory Drive,,Deanside,VIC,3336,3,2,2,,0,1999-01-01,,2023-03-22T15:29:04+00:00,,100005,,400.0,Weekly,,,,,7.7,2.2,,,,,,Kasey Neuendorf
rps_lng-HDO230040,rps_lng-HDO220411, Residential_  ,54,398,Latrobe Street,,Melbourne,VIC,3000,3,2,1,,0,1999-01-01,,2023-07-12T12:27:51+01:00,,100005,,899.84,Monthly,,,,,5.5,1.1,,,,,,Kasey Neuendorf
rps_lng-HDO230051,rps_lng-HDO230042, Residential_  ,410,18,Hoff Boulevard,,Southbank,VIC,3006,0,0,0,,0,1999-01-01,,2023-07-20T12:16:28+01:00,,100005,,430.0,Weekly,,,,,7.7,1.65,,,,,,Kasey Neuendorf
rps_lng-HDO230072,rps_lng-HDO230057, Residential_  ,,6,Westwood Way,,Albion,VIC,3020,3,2,0,,0,1999-01-01,,2023-03-22T11:38:58+00:00,,100005,,530.0,Weekly,,,,,4.95,1.1,,,,,,Kasey Neuendorf
rps_lng-HDO230086,rps_lng-HDO230069, Residential_  ,,45,Listowel Grove,,Rockbank,VIC,3335,4,2,1,,0,1999-01-01,,2023-03-27T13:49:57+01:00,,100005,,440.02,Monthly,,,,,7.7,2.2,,,,,,Kasey Neuendorf
rps_lng-HDO230187,rps_lng-HDO190134, Residential_  ,2,9,Bronte Avenue,,Burwood,VIC,3125,0,0,0,,0,1999-01-01,,2023-06-09T19:14:51+01:00,,100005,,449.92,Weekly,,,,,8.47,2.2,,,,,,Kasey Neuendorf
rps_lng-HDO230195,rps_lng-HDO210026, Residential_  ,,68,St Boswells Avenue,,Berwick,VIC,3806,4,2,2,,0,1999-01-01,,2023-06-09T21:26:39+01:00,,100005,,649.91,Monthly,,,,,6.6,1.65,,,,,,Kasey Neuendorf
rps_lng-HDO230247,rps_lng-HDO230215, Residential_  ,3,59,Fraser Street,,Sunshine,VIC,3020,3,2,1,,0,1999-01-01,,2023-07-18T17:52:22+01:00,,100005,,460.04,Monthly,,,,,,,,,,,,Kasey Neuendorf
rps_lng-HDO230259,rps_lng-HDO220600, Residential_  ,1,1,Bothwell St,,Pascoe Vale,VIC,3044,3,2,1,,0,1999-01-01,,2023-07-24T12:22:11+01:00,,100005,,634.95,Monthly,,,,,,,,,,,,Kasey Neuendorf
rps_lng-HDO230287,rps_lng-HDO230246, Residential_  ,,10,Samuel Road,,Weir Views,VIC,3338,3,2,1,,0,1999-01-01,,2023-08-10T09:32:45+01:00,,100005,,390.08,Monthly,,,,,,,,,,,,Kasey Neuendorf
rps_lng-HDO230313,rps_lng-HDO190525, Residential_  ,,15,Centenary Drive,,Mill Park,VIC,3082,3,1,0,,0,1999-01-01,,2023-07-14T10:20:53+01:00,,100005,,494.79,Monthly,,,,,,,,,,,,Kasey Neuendorf
