invoice_type,property_id,creditor_id,tenancy_id,entered_date,due_date,creditor_reference,is_priority,line_[n]_account_code,line_[n]_description,line_[n]_amount_due,line_[n]_gst_due,line_[n]_amount_paid
Tenancy,rps_lng-HDO110012,rps_lng-HDO19001147,rps_lng-RPT191545,2019-08-30,,,,,,,,
Tenancy,rps_lng-HDO110018,rps_lng-HDO19001480,rps_lng-HDO190052,2020-01-17,,,,,,,,
Tenancy,rps_lng-HDO110018,rps_lng-WES19000038,rps_lng-HDO190052,2019-09-16,,,,,,,,
Tenancy,rps_lng-HDO110018,rps_lng-WES19000025,rps_lng-HDO190052,2019-09-03,,,,,,,,
Tenancy,rps_lng-HDO110018,rps_lng-HDO16001000,rps_lng-HDO190052,2019-07-24,,,,,,,,
Tenancy,rps_lng-HDO110018,rps_lng-HDO19001086,rps_lng-HDO190052,2019-05-30,2019-05-30,,,,,,,
Tenancy,rps_lng-HDO110018,rps_lng-HDO19001480,rps_lng-HDO190052,2019-05-30,2019-05-30,,,,,,,
Creditor,rps_lng-HDO110030,rps_lng-HDO19002005,rps_lng-RPT191242,2021-07-12,2021-07-12,,,,,,,
Creditor,rps_lng-HDO110030,rps_lng-DRE21000029,rps_lng-RPT191242,2021-03-29,2021-03-29,,,,,,,
Tenancy,rps_lng-HDO110030,,rps_lng-RPT191242,2021-03-29,2021-03-29,,,,,,,
Tenancy,rps_lng-HDO110030,rps_lng-HDO19001340,rps_lng-RPT191242,2020-10-24,2020-10-24,,,,,,,
Tenancy,rps_lng-HDO110030,rps_lng-HDO19001873,rps_lng-RPT191242,2019-07-04,,,,,,,,
Creditor,rps_lng-HDO110259,rps_lng-HDO19001076,rps_lng-HDO200845,2021-05-19,,,,,,,,
Tenancy,rps_lng-HDO110259,rps_lng-DRE21000004,rps_lng-HDO200845,2021-01-11,,,,,,,,
Tenancy,rps_lng-HDO110259,rps_lng-HDO19001076,rps_lng-HDO200845,2020-12-29,,,,,,,,
Tenancy,rps_lng-HDO110259,rps_lng-HDO13002392,rps_lng-RPT195250,2013-06-11,2013-06-11,,,,,,,
Tenancy,rps_lng-HDO110259,rps_lng-HDO12003003,rps_lng-RPT196018,2017-03-27,2017-03-27,,,,,,,
Tenancy,rps_lng-HDO110259,rps_lng-HDO12003003,rps_lng-RPT196018,2013-11-25,2013-11-25,,,,,,,
Tenancy,rps_lng-HDO110259,,rps_lng-RPT197984,2020-05-19,,,,,,,,
Tenancy,rps_lng-HDO110259,rps_lng-HDO14002397,rps_lng-RPT197984,2020-03-16,,,,,,,,
Tenancy,rps_lng-HDO110259,rps_lng-HDO13002453,rps_lng-RPT197984,2019-12-31,,,,,,,,
Tenancy,rps_lng-HDO110259,,rps_lng-RPT197984,2019-12-01,,,,,,,,
Tenancy,rps_lng-HDO110259,rps_lng-HDO12003003,rps_lng-RPT197984,2018-07-19,2018-07-19,,,,,,,
Creditor,rps_lng-HDO120003,rps_lng-DRE19000036,rps_lng-HDO190711,2021-09-06,,,,,,,,
Tenancy,rps_lng-HDO120003,rps_lng-HDO19001340,rps_lng-HDO190711,2020-02-06,,,,,,,,
Tenancy,rps_lng-HDO120003,rps_lng-HDO19001421,rps_lng-HDO190711,2019-10-31,,,,,,,,
Tenancy,rps_lng-HDO120003,rps_lng-DRE19000036,rps_lng-HDO190711,2019-10-21,,,,,,,,
Tenancy,rps_lng-HDO120003,rps_lng-DRE19000036,rps_lng-RPT191234,2019-08-22,,,,,,,,
Tenancy,rps_lng-HDO120003,rps_lng-HDO19001439,rps_lng-RPT191234,2019-03-21,,,,,,,,
Tenancy,rps_lng-HDO120009,rps_lng-HDO21001981,rps_lng-RPT190002,2021-10-27,,,,,,,,
Creditor,rps_lng-HDO120009,rps_lng-HDO19001421,rps_lng-RPT190002,2021-04-23,2021-04-23,,,,,,,
Tenancy,rps_lng-HDO120009,rps_lng-HDO19001873,rps_lng-RPT190002,2019-04-10,2019-04-10,,,,,,,
Tenancy,rps_lng-HDO120018,rps_lng-DRE19000036,rps_lng-RPT191323,2021-03-03,,,,,,,,
Tenancy,rps_lng-HDO120018,rps_lng-HDO19002574,rps_lng-RPT191323,2021-02-09,,,,,,,,
Tenancy,rps_lng-HDO120018,,rps_lng-RPT191323,2021-01-17,2021-01-17,,,,,,,
Tenancy,rps_lng-HDO120018,rps_lng-HDO09001040,rps_lng-RPT191323,2021-01-07,2021-01-07,,,,,,,
Creditor,rps_lng-HDO120018,rps_lng-HDO20000602,rps_lng-RPT191323,2020-09-16,,,,,,,,
Tenancy,rps_lng-HDO120018,rps_lng-JAM20000086,rps_lng-RPT191323,2020-06-19,2020-06-19,,,,,,,
Tenancy,rps_lng-HDO120018,rps_lng-HDO19001340,rps_lng-RPT191323,2019-09-05,,,,,,,,
Creditor,rps_lng-HDO120033,rps_lng-HDO19001340,rps_lng-HDO210194,2022-03-07,,,,,,,,
Creditor,rps_lng-HDO120033,rps_lng-HDO19001439,rps_lng-HDO210194,2022-01-31,,,,,,,,
Creditor,rps_lng-HDO120033,rps_lng-HDO19001340,rps_lng-HDO210194,2021-08-25,,,,,,,,
Creditor,rps_lng-HDO120033,rps_lng-HDO19001340,rps_lng-HDO210194,2021-03-22,,,,,,,,
Tenancy,rps_lng-HDO120033,rps_lng-HDO19001493,rps_lng-RPT190345,2020-05-13,,,,,,,,
Tenancy,rps_lng-HDO120033,rps_lng-HDO19001340,rps_lng-RPT190345,2020-05-13,,,,,,,,
Creditor,rps_lng-HDO120056,rps_lng-CVA21002453,rps_lng-RPT191550,2022-06-08,,,,,,,,
Creditor,rps_lng-HDO120056,rps_lng-HDO19004377,rps_lng-RPT191550,2021-04-20,,,,,,,,
Creditor,rps_lng-HDO120056,rps_lng-HDO19004377,rps_lng-RPT191550,2020-10-29,,,,,,,,
Tenancy,rps_lng-HDO120056,rps_lng-HDO19001493,rps_lng-RPT191550,2020-02-27,1970-01-01,,,,,,,
Tenancy,rps_lng-HDO120056,rps_lng-WES19000012,rps_lng-RPT191550,2020-01-24,,,,,,,,
Tenancy,rps_lng-HDO120056,rps_lng-HDO19001493,rps_lng-RPT191550,2019-11-22,,,,,,,,
Tenancy,rps_lng-HDO120056,rps_lng-HDO19001340,rps_lng-RPT191550,2019-09-16,,,,,,,,
Tenancy,rps_lng-HDO120069,rps_lng-HDO19001873,rps_lng-HDO190069,2019-11-07,,,,,,,,
Tenancy,rps_lng-HDO120069,rps_lng-DRE19000036,rps_lng-HDO190069,2019-09-06,,,,,,,,
Tenancy,rps_lng-HDO120069,rps_lng-HDO18002155,rps_lng-HDO190069,2019-08-28,,,,,,,,
Tenancy,rps_lng-HDO120069,rps_lng-HDO16001000,rps_lng-HDO190069,2019-07-31,2019-08-09,,,,,,,
Tenancy,rps_lng-HDO120069,rps_lng-HDO19001086,rps_lng-RPT190898,2019-05-24,,,,,,,,
Tenancy,rps_lng-HDO120074,rps_lng-DRE19000036,rps_lng-RPT191402,2019-08-13,,,,,,,,
Tenancy,rps_lng-HDO120074,rps_lng-HDO19001086,rps_lng-RPT191402,2019-03-18,2019-03-22,,,,,,,
Tenancy,rps_lng-HDO120077,rps_lng-HDO19001873,rps_lng-RPT191580,2019-05-27,,,,,,,,
Tenancy,rps_lng-HDO120077,rps_lng-HDO19001421,rps_lng-RPT191580,2019-05-27,,,,,,,,
Tenancy,rps_lng-HDO120077,rps_lng-HDO19001835,rps_lng-RPT191580,2019-03-04,2019-03-12,,,,,,,
Tenancy,rps_lng-HDO120081,rps_lng-HDO19001835,rps_lng-RPT190900,2019-09-30,,,,,,,,
Tenancy,rps_lng-HDO120081,rps_lng-HDO16001000,rps_lng-RPT190900,2019-08-06,,,,,,,,
Tenancy,rps_lng-HDO120081,rps_lng-HDO16001000,rps_lng-RPT190900,2019-08-06,,,,,,,,
Tenancy,rps_lng-HDO120081,rps_lng-HDO19001340,rps_lng-RPT190900,2019-06-27,,,,,,,,
Tenancy,rps_lng-HDO120081,rps_lng-HDO19001835,rps_lng-RPT190900,2019-06-06,,,,,,,,
Tenancy,rps_lng-HDO120081,rps_lng-HDO19001086,rps_lng-RPT190900,2019-06-05,,,,,,,,
Tenancy,rps_lng-HDO120081,rps_lng-WES19000007,rps_lng-RPT190900,2019-03-14,,,,,,,,
Creditor,rps_lng-HDO120091,rps_lng-HDO19004377,rps_lng-HDO200825,2021-09-28,2021-09-28,,,,,,,
Creditor,rps_lng-HDO120091,rps_lng-HDO19004377,rps_lng-HDO200825,2021-09-28,,,,,,,,
Creditor,rps_lng-HDO120091,rps_lng-HDO19004377,rps_lng-HDO200825,2021-06-21,,,,,,,,
Creditor,rps_lng-HDO120091,rps_lng-HDO19004377,rps_lng-HDO200825,2021-05-11,2021-05-10,,,,,,,
Tenancy,rps_lng-HDO120091,rps_lng-HDO18002075,rps_lng-HDO200825,2020-11-09,,,,,,,,
Tenancy,rps_lng-HDO120110,rps_lng-DRE19000104,rps_lng-RPT190780,2019-12-24,,,,,,,,
Tenancy,rps_lng-HDO120110,rps_lng-HDO19001340,rps_lng-RPT190780,2019-08-22,,,,,,,,
Tenancy,rps_lng-HDO120110,rps_lng-HDO19001835,rps_lng-RPT190780,2019-06-06,,,,,,,,
Creditor,rps_lng-HDO120135,rps_lng-HDO21001564,rps_lng-HDO200039,2021-06-29,,,,,,,,
Creditor,rps_lng-HDO120135,rps_lng-HDO19002574,rps_lng-HDO200039,2021-06-11,,,,,,,,
Creditor,rps_lng-HDO120135,rps_lng-HDO14000933,rps_lng-HDO200039,2021-04-06,,,,,,,,
Tenancy,rps_lng-HDO120135,rps_lng-HDO14000920,rps_lng-RPT191658,2016-09-15,2016-09-15,,,,,,,
Tenancy,rps_lng-HDO120135,rps_lng-HDO13000942,rps_lng-RPT191658,2016-01-19,2016-01-19,,,,,,,
Tenancy,rps_lng-HDO120135,rps_lng-HDO14000933,rps_lng-RPT191658,2015-04-07,2015-04-07,,,,,,,
Tenancy,rps_lng-HDO120135,rps_lng-HDO14000957,rps_lng-RPT191658,2015-02-10,2015-02-10,,,,,,,
Tenancy,rps_lng-HDO120337,rps_lng-HDO12001460,rps_lng-RPT191764,2012-11-29,2012-11-29,,,,,,,
Tenancy,rps_lng-HDO120337,rps_lng-HDO12001460,rps_lng-RPT191764,2012-11-08,2012-11-08,,,,,,,
Tenancy,rps_lng-HDO120337,rps_lng-HDO16001035,rps_lng-RPT192056,2016-10-26,2016-10-26,,,,,,,
Tenancy,rps_lng-HDO120337,rps_lng-HDO12001436,rps_lng-RPT192056,2016-10-17,2016-10-17,,,,,,,
Tenancy,rps_lng-HDO120337,rps_lng-HDO12001436,rps_lng-RPT192056,2016-07-19,2016-07-19,,,,,,,
Tenancy,rps_lng-HDO120337,rps_lng-HDO12001407,rps_lng-RPT192056,2016-04-15,2016-04-15,,,,,,,
Tenancy,rps_lng-HDO120337,rps_lng-HDO12001407,rps_lng-RPT192056,2016-04-11,2016-04-11,,,,,,,
Tenancy,rps_lng-HDO120337,rps_lng-HDO16000984,rps_lng-RPT192056,2016-04-04,2016-04-04,,,,,,,
Tenancy,rps_lng-HDO120337,rps_lng-HDO15001021,rps_lng-RPT192056,2016-02-11,2016-02-11,,,,,,,
Tenancy,rps_lng-HDO120337,rps_lng-HDO12001411,rps_lng-RPT192056,2016-01-08,2016-01-08,,,,,,,
Tenancy,rps_lng-HDO120337,rps_lng-HDO13000942,rps_lng-RPT192056,2015-09-24,2015-09-24,,,,,,,
Tenancy,rps_lng-HDO120337,rps_lng-HDO13000942,rps_lng-RPT192056,2015-04-14,2015-04-14,,,,,,,
Tenancy,rps_lng-HDO120337,rps_lng-HDO12001411,rps_lng-RPT192056,2015-03-27,2015-03-27,,,,,,,
Tenancy,rps_lng-HDO120337,rps_lng-HDO12001411,rps_lng-RPT192056,2014-09-08,2014-09-08,,,,,,,
Tenancy,rps_lng-HDO120337,rps_lng-HDO12001436,rps_lng-RPT192056,2014-07-03,2014-07-03,,,,,,,
Tenancy,rps_lng-HDO120337,rps_lng-HDO13000971,rps_lng-RPT192056,2013-09-06,2013-09-06,,,,,,,
Tenancy,rps_lng-HDO120337,rps_lng-HDO12001431,rps_lng-RPT192056,2013-07-16,2013-07-16,,,,,,,
Tenancy,rps_lng-HDO120337,rps_lng-HDO13000942,rps_lng-RPT192056,2013-07-16,2013-07-16,,,,,,,
Tenancy,rps_lng-HDO120337,rps_lng-HDO12001407,rps_lng-RPT192056,2013-07-16,2013-07-16,,,,,,,
Tenancy,rps_lng-HDO120337,rps_lng-HDO12001452,rps_lng-RPT192056,2013-02-27,2013-02-27,,,,,,,
Tenancy,rps_lng-HDO120463,rps_lng-HDO18002118,rps_lng-HDO200253,2020-09-10,,,,,,,,
Tenancy,rps_lng-HDO120463,,rps_lng-HDO200253,2020-08-08,2020-08-08,,,,,,,
Tenancy,rps_lng-HDO120463,,rps_lng-HDO200810,2021-06-04,,,,,,,,
Tenancy,rps_lng-HDO120463,,rps_lng-HDO200810,2021-02-16,,,,,,,,
Tenancy,rps_lng-HDO120463,rps_lng-HDO16001035,rps_lng-RPT193171,2019-01-29,2019-01-28,,,,,,,
Tenancy,rps_lng-HDO120466,,rps_lng-RPT193230,2019-08-12,,,,,,,,
Tenancy,rps_lng-HDO120466,,rps_lng-RPT193230,2019-07-15,,,,,,,,
Tenancy,rps_lng-HDO120466,rps_lng-HDO17001377,rps_lng-RPT193230,2018-06-20,2018-06-20,,,,,,,
Tenancy,rps_lng-HDO120467,,rps_lng-HDO190246,2019-08-08,,,,,,,,
Tenancy,rps_lng-HDO120467,,rps_lng-HDO200565,2021-02-04,2021-02-04,,,,,,,
Tenancy,rps_lng-HDO120467,,rps_lng-HDO200565,2021-02-04,2021-02-04,,,,,,,
Tenancy,rps_lng-HDO120467,,rps_lng-HDO200565,2021-02-03,2021-02-03,,,,,,,
Tenancy,rps_lng-HDO120467,rps_lng-HDO13000942,rps_lng-RPT192830,2017-10-25,2017-11-08,,,,,,,
Tenancy,rps_lng-HDO120468,,rps_lng-HDO190767,2020-11-06,2020-11-06,,,,,,,
Tenancy,rps_lng-HDO120468,,rps_lng-HDO190767,2020-11-06,2020-11-06,,,,,,,
Creditor,rps_lng-HDO120470,rps_lng-CVA21001816,rps_lng-HDO200801,2021-08-06,2021-08-06,,,,,,,
Tenancy,rps_lng-HDO120470,,rps_lng-HDO200801,2020-11-09,,,,,,,,
Tenancy,rps_lng-HDO120470,,rps_lng-RPT193172,2020-05-04,2020-05-04,,,,,,,
Tenancy,rps_lng-HDO120470,,rps_lng-RPT193172,2020-04-29,2020-04-29,,,,,,,
Tenancy,rps_lng-HDO120470,,rps_lng-RPT193172,2020-04-29,2020-04-29,,,,,,,
Tenancy,rps_lng-HDO120470,,rps_lng-RPT193172,2020-04-29,2020-04-29,,,,,,,
Tenancy,rps_lng-HDO120470,,rps_lng-RPT193172,2020-03-16,2020-03-16,,,,,,,
Tenancy,rps_lng-HDO120470,,rps_lng-RPT193172,2019-12-29,,,,,,,,
Tenancy,rps_lng-HDO120470,,rps_lng-RPT193172,2019-12-10,,,,,,,,
Tenancy,rps_lng-HDO120470,,rps_lng-RPT193172,2019-07-12,,,,,,,,
Tenancy,rps_lng-HDO120470,,rps_lng-RPT193172,2019-07-11,,,,,,,,
Tenancy,rps_lng-HDO120470,rps_lng-HDO18000911,rps_lng-RPT193172,2018-01-09,2018-01-09,,,,,,,
Tenancy,rps_lng-HDO120471,,rps_lng-HDO201021,2021-03-04,,,,,,,,
Tenancy,rps_lng-HDO120471,,rps_lng-RPT193319,2020-01-28,,,,,,,,
Tenancy,rps_lng-HDO120650,rps_lng-HDO08001850,rps_lng-RPT195689,2018-02-27,2018-02-27,,,,,,,
Tenancy,rps_lng-HDO120650,rps_lng-HDO14002397,rps_lng-RPT195689,2018-02-26,2018-02-26,,,,,,,
Tenancy,rps_lng-HDO120650,rps_lng-HDO14002397,rps_lng-RPT195689,2017-12-06,2017-12-06,,,,,,,
Tenancy,rps_lng-HDO120650,,rps_lng-RPT195689,2017-05-10,2017-05-10,,,,,,,
Tenancy,rps_lng-HDO120650,,rps_lng-RPT195689,2014-01-17,2014-01-17,,,,,,,
Tenancy,rps_lng-HDO120650,rps_lng-HDO13002418,rps_lng-RPT195689,2013-10-03,2013-10-03,,,,,,,
Tenancy,rps_lng-HDO120650,rps_lng-HDO08001927,rps_lng-RPT195689,2012-11-20,2012-11-20,,,,,,,
Tenancy,rps_lng-HDO120650,rps_lng-HDO18002089,rps_lng-RPT198312,2019-12-01,,,,,,,,
Tenancy,rps_lng-HDO120650,rps_lng-HDO12003003,rps_lng-RPT198312,2019-10-01,,,,,,,,
Tenancy,rps_lng-HDO120650,,rps_lng-RPT198312,2019-04-03,,,,,,,,
Tenancy,rps_lng-HDO120650,,rps_lng-RPT198312,2018-12-20,2018-12-20,,,,,,,
Tenancy,rps_lng-HDO120650,rps_lng-HDO08001850,rps_lng-RPT198312,2018-08-20,2018-08-20,,,,,,,
Tenancy,rps_lng-HDO120650,,rps_lng-RPT198312,2018-08-06,2018-08-06,,,,,,,
Tenancy,rps_lng-HDO130001,,rps_lng-RPT191586,2020-07-17,,,,,,,,
Tenancy,rps_lng-HDO130001,rps_lng-HDO19001340,rps_lng-RPT191586,2020-03-29,2020-03-29,,,,,,,
Tenancy,rps_lng-HDO130001,,rps_lng-RPT191586,2020-03-11,1970-01-01,,,,,,,
Creditor,rps_lng-HDO130025,rps_lng-HDO19001147,rps_lng-RPT190823,2022-05-30,,,,,,,,
Creditor,rps_lng-HDO130025,rps_lng-WES20000011,rps_lng-RPT190823,2022-03-02,,,,,,,,
Creditor,rps_lng-HDO130025,rps_lng-HDO19001147,rps_lng-RPT190823,2022-03-01,,,,,,,,
Creditor,rps_lng-HDO130025,rps_lng-HDO19001340,rps_lng-RPT190823,2022-01-10,,,,,,,,
Creditor,rps_lng-HDO130025,rps_lng-HDO19001147,rps_lng-RPT190823,2021-10-08,,,,,,,,
Creditor,rps_lng-HDO130025,rps_lng-HDO19001439,rps_lng-RPT190823,2021-09-14,,,,,,,,
Creditor,rps_lng-HDO130025,rps_lng-HDO19001439,rps_lng-RPT190823,2021-08-12,,,,,,,,
Creditor,rps_lng-HDO130025,rps_lng-HDO19001873,rps_lng-RPT190823,2021-02-22,,,,,,,,
Tenancy,rps_lng-HDO130025,rps_lng-CHA19000037,rps_lng-RPT190823,2021-02-22,,,,,,,,
Tenancy,rps_lng-HDO130025,rps_lng-HDO18002075,rps_lng-RPT190823,2020-12-10,,,,,,,,
Tenancy,rps_lng-HDO130025,rps_lng-HDO18002075,rps_lng-RPT190823,2020-09-30,,,,,,,,
Tenancy,rps_lng-HDO130025,rps_lng-HDO19001515,rps_lng-RPT190823,2020-02-26,,,,,,,,
Tenancy,rps_lng-HDO130025,rps_lng-HDO19001340,rps_lng-RPT190823,2019-11-07,,,,,,,,
Tenancy,rps_lng-HDO130025,rps_lng-HDO19001873,rps_lng-RPT190823,2019-11-06,,,,,,,,
Tenancy,rps_lng-HDO130026,,rps_lng-JAM200027,2021-02-11,2021-02-11,,,,,,,
Tenancy,rps_lng-HDO130026,rps_lng-HDO19001340,rps_lng-RPT191527,2019-07-01,,,,,,,,
Tenancy,rps_lng-HDO130027,rps_lng-WES19000014,rps_lng-RPT190005,2019-05-13,,,,,,,,
Tenancy,rps_lng-HDO130042,rps_lng-HDO19001439,rps_lng-RPT190194,2019-09-02,,,,,,,,
Tenancy,rps_lng-HDO130049,rps_lng-HDO18002118,rps_lng-RPT190960,2020-09-22,,,,,,,,
Tenancy,rps_lng-HDO130049,rps_lng-JAM20000086,rps_lng-RPT190960,2020-07-14,,,,,,,,
Tenancy,rps_lng-HDO130049,rps_lng-HDO19001340,rps_lng-RPT190960,2020-05-28,,,,,,,,
Tenancy,rps_lng-HDO130049,rps_lng-HDO18000994,rps_lng-RPT190960,2020-03-02,,,,,,,,
Tenancy,rps_lng-HDO130049,rps_lng-DRE19000036,rps_lng-RPT190960,2019-07-09,,,,,,,,
Tenancy,rps_lng-HDO130049,rps_lng-HDO19001086,rps_lng-RPT190960,2019-04-09,2019-04-11,,,,,,,
Tenancy,rps_lng-HDO130073,,rps_lng-RPT190137,2022-05-06,,,,,,,,
Creditor,rps_lng-HDO130073,rps_lng-HDO19001439,rps_lng-RPT190137,2022-05-03,,,,,,,,
Creditor,rps_lng-HDO130073,rps_lng-HDO21001981,rps_lng-RPT190137,2022-02-24,,,,,,,,
Creditor,rps_lng-HDO130073,rps_lng-HDO21001981,rps_lng-RPT190137,2022-02-10,,,,,,,,
Creditor,rps_lng-HDO130073,rps_lng-HDO19001493,rps_lng-RPT190137,2022-02-02,,,,,,,,
Creditor,rps_lng-HDO130073,rps_lng-HDO19001493,rps_lng-RPT190137,2021-12-21,,,,,,,,
Creditor,rps_lng-HDO130073,rps_lng-HDO21001981,rps_lng-RPT190137,2021-08-31,,,,,,,,
Creditor,rps_lng-HDO130073,rps_lng-HDO19001340,rps_lng-RPT190137,2021-07-21,,,,,,,,
Creditor,rps_lng-HDO130073,rps_lng-HDO19001493,rps_lng-RPT190137,2021-05-07,,,,,,,,
Tenancy,rps_lng-HDO130073,rps_lng-DRE19000036,rps_lng-RPT190137,2019-09-10,2019-11-29,,,,,,,
Tenancy,rps_lng-HDO130073,rps_lng-WES19000022,rps_lng-RPT190137,2019-08-22,,,,,,,,
Tenancy,rps_lng-HDO130073,rps_lng-DRE19000036,rps_lng-RPT190137,2019-07-03,,,,,,,,
Tenancy,rps_lng-HDO130075,,rps_lng-HDO200927,2021-08-26,,,,,,,,
Tenancy,rps_lng-HDO130075,rps_lng-WES20000011,rps_lng-HDO200927,2021-08-25,,,,,,,,
Tenancy,rps_lng-HDO130075,rps_lng-DRE19000036,rps_lng-HDO200927,2021-07-29,,,,,,,,
Tenancy,rps_lng-HDO130075,rps_lng-HDO19001340,rps_lng-HDO200927,2020-12-15,,,,,,,,
Tenancy,rps_lng-HDO130075,,rps_lng-RPT191575,2021-05-01,,,,,,,,
Tenancy,rps_lng-HDO130075,rps_lng-HDO19001340,rps_lng-RPT191575,2020-04-03,,,,,,,,
Creditor,rps_lng-HDO130077,rps_lng-JAM22000014,rps_lng-HDO211080,2022-09-25,2022-09-25,,,,,,,
Creditor,rps_lng-HDO130077,rps_lng-CVA21002238,rps_lng-HDO211080,2022-06-21,,,,,,,,
Creditor,rps_lng-HDO130077,rps_lng-CVA21002238,rps_lng-HDO211080,2022-04-26,,,,,,,,
Creditor,rps_lng-HDO130077,rps_lng-VAD21000019,rps_lng-HDO211080,2021-09-14,,,,,,,,
Creditor,rps_lng-HDO130077,rps_lng-DRE19000036,rps_lng-HDO211080,2021-09-13,,,,,,,,
Creditor,rps_lng-HDO130077,rps_lng-HDO19001848,rps_lng-HDO230266,2023-03-14,,,,,,,,
Creditor,rps_lng-HDO130077,rps_lng-CVA21002453,rps_lng-HDO230266,2023-03-14,,,,,,,,
Tenancy,rps_lng-HDO130077,,rps_lng-RPT191100,2020-06-17,,,,,,,,
Tenancy,rps_lng-HDO130077,rps_lng-HDO08001946,rps_lng-RPT191100,2020-04-20,,,,,,,,
Tenancy,rps_lng-HDO130077,rps_lng-HDO15002958,rps_lng-RPT191100,2020-03-13,,,,,,,,
Tenancy,rps_lng-HDO130077,rps_lng-HDO19001288,rps_lng-RPT191100,2020-03-13,,,,,,,,
Tenancy,rps_lng-HDO130078,rps_lng-DRE19000036,rps_lng-RPT190949,2021-06-18,,,,,,,,
Tenancy,rps_lng-HDO130078,rps_lng-HDO18002118,rps_lng-RPT190949,2021-06-11,,,,,,,,
Tenancy,rps_lng-HDO130078,rps_lng-HDO19001340,rps_lng-RPT190949,2021-06-10,,,,,,,,
Tenancy,rps_lng-HDO130078,rps_lng-HDO19001340,rps_lng-RPT190949,2021-01-11,2021-01-11,,,,,,,
Tenancy,rps_lng-HDO130078,,rps_lng-RPT190949,2020-06-03,,,,,,,,
Tenancy,rps_lng-HDO130078,rps_lng-WES20000008,rps_lng-RPT190949,2020-05-29,2020-05-29,,,,,,,
Tenancy,rps_lng-HDO130078,rps_lng-HDO19001340,rps_lng-RPT190949,2020-05-29,,,,,,,,
Tenancy,rps_lng-HDO130078,rps_lng-HDO19001873,rps_lng-RPT190949,2019-10-10,,,,,,,,
Tenancy,rps_lng-HDO130078,rps_lng-HDO19001086,rps_lng-RPT190949,2019-06-05,,,,,,,,
Tenancy,rps_lng-HDO130078,rps_lng-HDO19001421,rps_lng-RPT190949,2019-05-07,,,,,,,,
Tenancy,rps_lng-HDO130078,rps_lng-HDO19001873,rps_lng-RPT190949,2019-03-14,,,,,,,,
Tenancy,rps_lng-HDO130082,rps_lng-HDO19001340,rps_lng-RPT190437,2020-09-27,,,,,,,,
Tenancy,rps_lng-HDO130095,rps_lng-HDO12001519,rps_lng-RPT192062,2013-11-22,2013-11-22,,,,,,,
Tenancy,rps_lng-HDO130095,rps_lng-HDO12001519,rps_lng-RPT192062,2013-08-26,2013-08-26,,,,,,,
Tenancy,rps_lng-HDO130095,rps_lng-HDO16001050,rps_lng-RPT192604,2018-02-23,2018-02-23,,,,,,,
Tenancy,rps_lng-HDO130095,rps_lng-HDO14000888,rps_lng-RPT192604,2015-12-22,2015-12-22,,,,,,,
Creditor,rps_lng-HDO130095,rps_lng-HDO19001340,rps_lng-RPT193379,2021-04-08,,,,,,,,
Tenancy,rps_lng-HDO130095,rps_lng-HDO16001022,rps_lng-RPT193379,2019-02-14,,,,,,,,
Tenancy,rps_lng-HDO130095,rps_lng-HDO16001035,rps_lng-RPT193379,2018-11-27,2018-11-28,,,,,,,
Tenancy,rps_lng-HDO130136,rps_lng-HDO12001436,rps_lng-RPT192236,2015-03-23,2015-05-09,,,,,,,
Tenancy,rps_lng-HDO130136,rps_lng-HDO14000957,rps_lng-RPT192236,2015-03-23,2015-03-23,,,,,,,
Tenancy,rps_lng-HDO130136,rps_lng-HDO14000957,rps_lng-RPT192236,2015-02-27,2015-02-27,,,,,,,
Tenancy,rps_lng-HDO130136,rps_lng-HDO13000942,rps_lng-RPT192236,2015-01-27,2015-01-27,,,,,,,
Tenancy,rps_lng-HDO130136,rps_lng-HDO14000957,rps_lng-RPT192236,2015-01-27,2015-01-27,,,,,,,
Tenancy,rps_lng-HDO130136,rps_lng-HDO13000971,rps_lng-RPT192236,2014-05-07,2014-05-07,,,,,,,
Tenancy,rps_lng-HDO130136,rps_lng-HDO12001407,rps_lng-RPT192236,2014-02-27,2014-02-27,,,,,,,
Tenancy,rps_lng-HDO130136,rps_lng-HDO12001436,rps_lng-RPT192236,2014-02-26,2014-02-26,,,,,,,
Tenancy,rps_lng-HDO130136,rps_lng-HDO13000971,rps_lng-RPT192236,2014-02-20,2014-02-20,,,,,,,
Tenancy,rps_lng-HDO130136,rps_lng-HDO13000971,rps_lng-RPT192236,2014-02-11,2014-02-11,,,,,,,
Tenancy,rps_lng-HDO130136,rps_lng-HDO16001050,rps_lng-RPT192539,2017-02-08,2017-02-08,,,,,,,
Tenancy,rps_lng-HDO130136,rps_lng-HDO16001002,rps_lng-RPT192539,2016-12-14,2016-12-14,,,,,,,
Tenancy,rps_lng-HDO130136,rps_lng-HDO16001035,rps_lng-RPT192539,2016-11-30,2017-01-05,,,,,,,
Tenancy,rps_lng-HDO130136,rps_lng-HDO12001411,rps_lng-RPT192539,2016-09-12,2016-09-12,,,,,,,
Tenancy,rps_lng-HDO130136,rps_lng-HDO15001035,rps_lng-RPT192539,2016-05-26,2016-05-26,,,,,,,
Tenancy,rps_lng-HDO130136,rps_lng-HDO13000942,rps_lng-RPT192539,2016-04-15,2016-04-15,,,,,,,
Tenancy,rps_lng-HDO130136,rps_lng-HDO12001411,rps_lng-RPT192539,2016-04-15,2016-04-15,,,,,,,
Tenancy,rps_lng-HDO130136,rps_lng-HDO14000957,rps_lng-RPT192539,2015-11-24,2016-01-29,,,,,,,
Tenancy,rps_lng-HDO130136,rps_lng-HDO14000957,rps_lng-RPT193231,2018-10-08,2018-10-19,,,,,,,
Tenancy,rps_lng-HDO140013,rps_lng-DRE19000036,rps_lng-RPT190312,2021-04-23,,,,,,,,
Tenancy,rps_lng-HDO140013,rps_lng-DRE19000036,rps_lng-RPT190312,2021-01-11,,,,,,,,
Tenancy,rps_lng-HDO140013,rps_lng-WES20000062,rps_lng-RPT190312,2021-01-11,,,,,,,,
Tenancy,rps_lng-HDO140013,rps_lng-HDO19001493,rps_lng-RPT190312,2020-04-19,,,,,,,,
Tenancy,rps_lng-HDO140013,rps_lng-HDO16002429,rps_lng-RPT190312,2019-10-16,,,,,,,,
Tenancy,rps_lng-HDO140013,rps_lng-HDO19001340,rps_lng-RPT190312,2019-10-15,,,,,,,,
Tenancy,rps_lng-HDO140013,rps_lng-HDO16001000,rps_lng-RPT190312,2019-06-20,,,,,,,,
Tenancy,rps_lng-HDO140013,rps_lng-HDO19001340,rps_lng-RPT190312,2019-04-04,,,,,,,,
Tenancy,rps_lng-HDO140025,,rps_lng-RPT191388,2021-12-01,,,,,,,,
Creditor,rps_lng-HDO140025,rps_lng-HDO19001421,rps_lng-RPT191388,2021-11-11,,,,,,,,
Creditor,rps_lng-HDO140025,rps_lng-HDO19001421,rps_lng-RPT191388,2020-05-30,2020-05-30,,,,,,,
Tenancy,rps_lng-HDO140025,,rps_lng-RPT191388,2020-04-07,,,,,,,,
Tenancy,rps_lng-HDO140025,rps_lng-CHA19000082,rps_lng-RPT191388,2019-05-23,,,,,,,,
Tenancy,rps_lng-HDO140038,rps_lng-HDO19001169,rps_lng-HDO190367,2019-09-03,,,,,,,,
Tenancy,rps_lng-HDO140038,rps_lng-DRE19000036,rps_lng-HDO190367,2019-08-07,,,,,,,,
Tenancy,rps_lng-HDO140038,rps_lng-HDO19001340,rps_lng-RPT190951,2019-03-21,2019-03-27,,,,,,,
Tenancy,rps_lng-HDO140043,rps_lng-HDO19001873,rps_lng-HDO210784,2021-09-14,,,,,,,,
Creditor,rps_lng-HDO140043,rps_lng-VAD21000019,rps_lng-HDO210784,2021-08-11,,,,,,,,
Creditor,rps_lng-HDO140043,rps_lng-DRE19000036,rps_lng-RPT191300,2021-07-24,,,,,,,,
Tenancy,rps_lng-HDO140043,,rps_lng-RPT191300,2021-03-05,,,,,,,,
Creditor,rps_lng-HDO140043,rps_lng-HDO20002032,rps_lng-RPT191300,2020-07-24,2020-07-24,,,,,,,
Tenancy,rps_lng-HDO140043,rps_lng-HDO19001421,rps_lng-RPT191300,2019-11-13,,,,,,,,
Tenancy,rps_lng-HDO140043,rps_lng-HDO19001086,rps_lng-RPT191300,2019-04-15,2019-04-19,,,,,,,
Tenancy,rps_lng-HDO140050,rps_lng-HDO19001340,rps_lng-RPT190076,2019-08-20,,,,,,,,
Tenancy,rps_lng-HDO140050,rps_lng-HDO19001340,rps_lng-RPT190076,2019-07-01,,,,,,,,
Tenancy,rps_lng-HDO140050,rps_lng-HDO19001421,rps_lng-RPT190076,2019-03-18,2019-03-22,,,,,,,
Tenancy,rps_lng-HDO140067,rps_lng-HDO19001169,rps_lng-RPT191577,2019-07-22,,,,,,,,
Tenancy,rps_lng-HDO140067,rps_lng-HDO19001340,rps_lng-RPT191577,2019-07-22,,,,,,,,
Creditor,rps_lng-HDO140070,rps_lng-HDO19001439,rps_lng-RPT191371,2022-01-11,2022-01-11,,,,,,,
Creditor,rps_lng-HDO140070,rps_lng-HDO19001147,rps_lng-RPT191371,2021-09-29,2021-09-28,,,,,,,
Tenancy,rps_lng-HDO140070,rps_lng-HDO19001102,rps_lng-RPT191371,2021-05-13,,,,,,,,
Tenancy,rps_lng-HDO140070,rps_lng-HDO18002075,rps_lng-RPT191371,2020-05-17,2020-05-17,,,,,,,
Tenancy,rps_lng-HDO140070,rps_lng-HDO19001439,rps_lng-RPT191371,2019-08-14,,,,,,,,
Tenancy,rps_lng-HDO140070,rps_lng-HDO09001040,rps_lng-RPT191371,2019-08-05,,,,,,,,
Tenancy,rps_lng-HDO140070,rps_lng-HDO19001873,rps_lng-RPT191371,2019-05-30,2019-05-30,,,,,,,
Tenancy,rps_lng-HDO150002,rps_lng-JAM20000137,rps_lng-RPT190836,2020-07-27,,,,,,,,
Tenancy,rps_lng-HDO150002,rps_lng-HDO18002075,rps_lng-RPT190836,2020-06-10,,,,,,,,
Tenancy,rps_lng-HDO150002,rps_lng-DRE19000036,rps_lng-RPT190836,2020-02-17,,,,,,,,
Tenancy,rps_lng-HDO150002,rps_lng-HDO19001835,rps_lng-RPT190836,2019-09-30,,,,,,,,
Tenancy,rps_lng-HDO150002,rps_lng-HDO19001835,rps_lng-RPT190836,2019-06-27,,,,,,,,
Tenancy,rps_lng-HDO150002,rps_lng-HDO19001340,rps_lng-RPT190836,2019-05-29,,,,,,,,
Tenancy,rps_lng-HDO150002,rps_lng-HDO19001340,rps_lng-RPT190836,2019-04-26,2019-04-26,,,,,,,
Creditor,rps_lng-HDO150025,rps_lng-HDO19001421,rps_lng-JAM200019,2021-03-28,2021-03-28,,,,,,,
Tenancy,rps_lng-HDO150025,rps_lng-HDO18002075,rps_lng-JAM200019,2020-05-14,,,,,,,,
Tenancy,rps_lng-HDO150025,rps_lng-HDO18002075,rps_lng-JAM200019,2020-04-01,,,,,,,,
Tenancy,rps_lng-HDO150025,rps_lng-HDO19001340,rps_lng-RPT191297,2019-10-28,,,,,,,,
Tenancy,rps_lng-HDO150025,rps_lng-HDO19001340,rps_lng-RPT191297,2019-09-13,,,,,,,,
Tenancy,rps_lng-HDO150025,rps_lng-HDO19001421,rps_lng-RPT191297,2019-03-05,2019-03-15,,,,,,,
Tenancy,rps_lng-HDO150025,rps_lng-WES19000008,rps_lng-RPT191297,2019-03-05,,,,,,,,
Tenancy,rps_lng-HDO150056,rps_lng-HDO19001340,rps_lng-RPT191036,2019-09-25,,,,,,,,
Tenancy,rps_lng-HDO150056,rps_lng-WES19000006,rps_lng-RPT191036,2019-03-14,2019-03-15,,,,,,,
Tenancy,rps_lng-HDO150056,rps_lng-HDO19001281,rps_lng-RPT191036,2019-02-27,2019-03-01,,,,,,,
Creditor,rps_lng-HDO150061,rps_lng-HDO19001421,rps_lng-RPT190458,2021-11-01,2021-11-01,,,,,,,
Tenancy,rps_lng-HDO150061,rps_lng-JAM20000137,rps_lng-RPT190458,2021-02-10,2021-02-10,,,,,,,
Tenancy,rps_lng-HDO150061,rps_lng-JAM20000137,rps_lng-RPT190458,2021-02-10,2021-02-10,,,,,,,
Tenancy,rps_lng-HDO150061,rps_lng-HDO19001835,rps_lng-RPT190458,2019-05-21,,,,,,,,
Tenancy,rps_lng-HDO150061,rps_lng-HDO19001835,rps_lng-RPT190458,2019-04-02,,,,,,,,
Tenancy,rps_lng-HDO150061,rps_lng-HDO19001086,rps_lng-RPT190458,2019-03-25,,,,,,,,
Creditor,rps_lng-HDO150088,rps_lng-HDO19001439,rps_lng-RPT190124,2022-05-24,,,,,,,,
Creditor,rps_lng-HDO150088,rps_lng-HDO21001981,rps_lng-RPT190124,2022-05-23,,,,,,,,
Creditor,rps_lng-HDO150088,rps_lng-HDO21001981,rps_lng-RPT190124,2021-08-11,,,,,,,,
Creditor,rps_lng-HDO150088,rps_lng-VAD21000019,rps_lng-RPT190124,2021-07-06,,,,,,,,
Creditor,rps_lng-HDO150088,rps_lng-HDO19001417,rps_lng-RPT190124,2021-03-01,,,,,,,,
Creditor,rps_lng-HDO150088,rps_lng-HDO19001340,rps_lng-RPT190124,2020-11-30,,,,,,,,
Tenancy,rps_lng-HDO150088,rps_lng-HDO19001421,rps_lng-RPT190124,2019-12-09,,,,,,,,
Tenancy,rps_lng-HDO150088,rps_lng-HDO19001340,rps_lng-RPT190124,2019-02-27,,,,,,,,
Tenancy,rps_lng-HDO150095,rps_lng-HDO15001008,rps_lng-RPT192455,2017-10-02,2017-10-02,,,,,,,
Tenancy,rps_lng-HDO150095,rps_lng-HDO12001436,rps_lng-RPT192455,2016-03-29,2016-03-29,,,,,,,
Tenancy,rps_lng-HDO150095,rps_lng-HDO14000987,rps_lng-RPT192455,2015-02-10,2015-02-11,,,,,,,
Tenancy,rps_lng-HDO150143,rps_lng-HDO19001214,rps_lng-RPT192605,2020-09-01,,,,,,,,
Tenancy,rps_lng-HDO150143,rps_lng-HDO19004396,rps_lng-RPT192605,2019-10-08,,,,,,,,
Tenancy,rps_lng-HDO150143,rps_lng-HDO19001835,rps_lng-RPT192605,2019-09-16,,,,,,,,
Tenancy,rps_lng-HDO150143,rps_lng-HDO17001377,rps_lng-RPT192605,2018-05-22,2018-05-22,,,,,,,
Tenancy,rps_lng-HDO150143,rps_lng-HDO12001495,rps_lng-RPT192605,2016-08-09,2016-08-09,,,,,,,
Creditor,rps_lng-HDO150163,rps_lng-HDO19001421,rps_lng-RPT192676,2021-03-15,,,,,,,,
Tenancy,rps_lng-HDO150163,rps_lng-HDO12001411,rps_lng-RPT192676,2021-02-22,,,,,,,,
Tenancy,rps_lng-HDO150163,,rps_lng-RPT192676,2020-10-05,,,,,,,,
Tenancy,rps_lng-HDO150163,rps_lng-HDO19004377,rps_lng-RPT192676,2020-07-24,,,,,,,,
Tenancy,rps_lng-HDO150163,,rps_lng-RPT192676,2020-02-03,,,,,,,,
Tenancy,rps_lng-HDO160062,rps_lng-HDO19001340,rps_lng-HDO190837,2019-12-18,,,,,,,,
Tenancy,rps_lng-HDO160062,rps_lng-WES19000021,rps_lng-HDO190837,2019-10-28,,,,,,,,
Tenancy,rps_lng-HDO160062,rps_lng-HDO19001421,rps_lng-RPT191119,2019-05-08,,,,,,,,
Tenancy,rps_lng-HDO160062,rps_lng-HDO19001340,rps_lng-RPT191119,2019-04-03,2019-04-03,,,,,,,
Tenancy,rps_lng-HDO160097,rps_lng-WES19000032,rps_lng-HDO191245,2020-01-14,,,,,,,,
Tenancy,rps_lng-HDO160097,rps_lng-HDO19004738,rps_lng-HDO191245,2020-01-14,,,,,,,,
Tenancy,rps_lng-HDO160097,rps_lng-HDO17001386,rps_lng-RPT192716,2017-11-30,2017-11-29,,,,,,,
Creditor,rps_lng-HDO160114,rps_lng-HDO19001340,rps_lng-RPT192771,2021-04-10,2021-04-10,,,,,,,
Tenancy,rps_lng-HDO160114,rps_lng-HDO16001050,rps_lng-RPT192771,2020-04-08,,,,,,,,
Creditor,rps_lng-HDO170028,rps_lng-VAD21000019,rps_lng-HDO190772,2022-04-07,,,,,,,,
Creditor,rps_lng-HDO170028,rps_lng-HDO19001493,rps_lng-HDO190772,2021-08-23,,,,,,,,
Creditor,rps_lng-HDO170028,rps_lng-HDO18002075,rps_lng-HDO190772,2021-03-29,,,,,,,,
Tenancy,rps_lng-HDO170028,rps_lng-HDO19001169,rps_lng-RPT191020,2019-09-03,,,,,,,,
Tenancy,rps_lng-HDO170028,rps_lng-HDO19001873,rps_lng-RPT191020,2019-06-26,,,,,,,,
Tenancy,rps_lng-HDO170028,rps_lng-DRE19000036,rps_lng-RPT191020,2019-06-17,,,,,,,,
Tenancy,rps_lng-HDO170028,rps_lng-HDO16001000,rps_lng-RPT191020,2019-03-25,,,,,,,,
Tenancy,rps_lng-HDO170028,rps_lng-HDO19001169,rps_lng-RPT191020,2019-03-20,2019-03-28,,,,,,,
Tenancy,rps_lng-HDO170028,rps_lng-HDO19001086,rps_lng-RPT191020,2019-03-20,2019-03-23,,,,,,,
Tenancy,rps_lng-HDO170034,rps_lng-HDO19001169,rps_lng-RPT190994,2019-08-05,,,,,,,,
Creditor,rps_lng-HDO170040,rps_lng-HDO19001340,rps_lng-HDO210165,2021-07-03,2021-07-03,,,,,,,
Creditor,rps_lng-HDO170040,rps_lng-DRE19000036,rps_lng-HDO210165,2021-04-30,,,,,,,,
Creditor,rps_lng-HDO170040,rps_lng-HDO19001340,rps_lng-HDO211343,2021-11-25,,,,,,,,
Creditor,rps_lng-HDO170040,rps_lng-DRE19000036,rps_lng-HDO211343,2021-11-11,,,,,,,,
Creditor,rps_lng-HDO170050,rps_lng-VAD21000019,rps_lng-HDO190919,2020-11-17,,,,,,,,
Tenancy,rps_lng-HDO170050,,rps_lng-HDO190919,2020-05-03,2020-05-03,,,,,,,
Tenancy,rps_lng-HDO170050,,rps_lng-RPT192859,2017-05-25,2017-05-25,,,,,,,
Tenancy,rps_lng-HDO170050,rps_lng-HDO17001363,rps_lng-RPT192859,2017-05-23,2017-05-23,,,,,,,
Tenancy,rps_lng-HDO170050,rps_lng-HDO17001363,rps_lng-RPT192859,2017-04-28,2017-05-05,,,,,,,
Tenancy,rps_lng-HDO170050,rps_lng-HDO16001000,rps_lng-RPT192859,2017-04-20,2017-04-24,,,,,,,
Tenancy,rps_lng-HDO170050,rps_lng-HDO16001000,rps_lng-RPT193134,2018-08-23,2018-08-23,,,,,,,
Tenancy,rps_lng-HDO170050,rps_lng-HDO16001000,rps_lng-RPT193134,2018-04-24,2018-05-17,,,,,,,
Tenancy,rps_lng-HDO170050,rps_lng-HDO16001000,rps_lng-RPT193134,2018-04-24,2018-05-17,,,,,,,
Tenancy,rps_lng-HDO170050,rps_lng-HDO17001386,rps_lng-RPT193134,2017-10-23,2017-10-23,,,,,,,
Tenancy,rps_lng-HDO170050,rps_lng-HDO17001386,rps_lng-RPT193134,2017-09-20,2017-09-27,,,,,,,
Tenancy,rps_lng-HDO170051,rps_lng-HDO18000980,rps_lng-RPT193017,2018-09-17,2018-09-17,,,,,,,
Tenancy,rps_lng-HDO170051,rps_lng-HDO18000954,rps_lng-RPT193017,2018-07-09,2018-07-11,,,,,,,
Tenancy,rps_lng-HDO170051,rps_lng-HDO16001000,rps_lng-RPT193017,2018-05-08,2018-05-17,,,,,,,
Tenancy,rps_lng-HDO170052,rps_lng-HDO19001340,rps_lng-RPT192861,2020-03-11,,,,,,,,
Tenancy,rps_lng-HDO170052,rps_lng-HDO19001340,rps_lng-RPT192861,2019-11-07,,,,,,,,
Tenancy,rps_lng-HDO170052,rps_lng-HDO19001497,rps_lng-RPT192861,2019-11-07,,,,,,,,
Tenancy,rps_lng-HDO170052,rps_lng-HDO19004528,rps_lng-RPT192861,2019-10-29,,,,,,,,
Tenancy,rps_lng-HDO170052,rps_lng-HDO16001000,rps_lng-RPT192861,2019-08-12,,,,,,,,
Tenancy,rps_lng-HDO170052,rps_lng-HDO16001000,rps_lng-RPT192861,2018-07-09,2018-07-17,,,,,,,
Tenancy,rps_lng-HDO170052,rps_lng-HDO16001000,rps_lng-RPT192861,2017-08-02,2017-08-02,,,,,,,
Tenancy,rps_lng-HDO170053,rps_lng-HDO19002005,rps_lng-RPT193419,2021-11-26,,,,,,,,
Creditor,rps_lng-HDO170053,rps_lng-HDO19001340,rps_lng-RPT193419,2021-07-15,,,,,,,,
Tenancy,rps_lng-HDO170053,,rps_lng-RPT193419,2021-06-21,,,,,,,,
Creditor,rps_lng-HDO170053,rps_lng-VAD21000019,rps_lng-RPT193419,2021-06-17,2021-07-02,,,,,,,
Tenancy,rps_lng-HDO170053,rps_lng-HDO19001873,rps_lng-RPT193419,2021-06-16,,,,,,,,
Creditor,rps_lng-HDO170053,rps_lng-HDO19001873,rps_lng-RPT193419,2021-06-10,,,,,,,,
Creditor,rps_lng-HDO170053,rps_lng-HDO19001340,rps_lng-RPT193419,2021-04-13,,,,,,,,
Tenancy,rps_lng-HDO170053,rps_lng-HDO19004377,rps_lng-RPT193419,2020-11-24,,,,,,,,
Tenancy,rps_lng-HDO170053,rps_lng-HDO19001340,rps_lng-RPT193419,2020-02-10,,,,,,,,
Tenancy,rps_lng-HDO170053,rps_lng-HDO19001421,rps_lng-RPT193419,2019-12-20,,,,,,,,
Tenancy,rps_lng-HDO170053,rps_lng-HDO19001340,rps_lng-RPT193419,2019-10-24,,,,,,,,
Tenancy,rps_lng-HDO170053,rps_lng-HDO19001086,rps_lng-RPT193419,2019-08-06,,,,,,,,
Tenancy,rps_lng-HDO170053,rps_lng-HDO09001040,rps_lng-RPT193419,2019-08-05,,,,,,,,
Tenancy,rps_lng-HDO170053,rps_lng-HDO19001515,rps_lng-RPT193419,2019-05-28,,,,,,,,
Tenancy,rps_lng-HDO170053,rps_lng-HDO16001000,rps_lng-RPT193419,2019-03-07,,,,,,,,
Tenancy,rps_lng-HDO170054,rps_lng-HDO19001340,rps_lng-RPT192863,2020-08-24,,,,,,,,
Tenancy,rps_lng-HDO170054,rps_lng-HDO19001493,rps_lng-RPT192863,2020-08-07,2020-08-06,,,,,,,
Tenancy,rps_lng-HDO170054,rps_lng-HDO19001340,rps_lng-RPT192863,2020-05-19,,,,,,,,
Tenancy,rps_lng-HDO170054,rps_lng-HDO16001000,rps_lng-RPT192863,2019-03-10,,,,,,,,
Tenancy,rps_lng-HDO170054,rps_lng-HDO18000954,rps_lng-RPT192863,2018-07-21,2018-07-31,,,,,,,
Tenancy,rps_lng-HDO170054,rps_lng-HDO17001363,rps_lng-RPT192863,2018-06-20,2018-06-26,,,,,,,
Tenancy,rps_lng-HDO170054,rps_lng-HDO16001035,rps_lng-RPT192863,2018-03-23,2018-04-03,,,,,,,
Tenancy,rps_lng-HDO170054,rps_lng-HDO17001412,rps_lng-RPT192863,2017-06-16,2017-06-16,,,,,,,
Tenancy,rps_lng-HDO170067,rps_lng-HDO19001340,rps_lng-RPT192875,2020-10-05,2020-10-04,,,,,,,
Tenancy,rps_lng-HDO170067,rps_lng-HDO19005924,rps_lng-RPT192875,2020-07-12,2020-07-12,,,,,,,
Tenancy,rps_lng-HDO170067,,rps_lng-RPT192875,2019-11-11,,,,,,,,
Tenancy,rps_lng-HDO170067,,rps_lng-RPT192875,2018-02-05,2017-05-04,,,,,,,
Tenancy,rps_lng-HDO170067,rps_lng-HDO12001436,rps_lng-RPT192875,2018-01-14,2018-01-17,,,,,,,
Tenancy,rps_lng-HDO170067,rps_lng-HDO12001436,rps_lng-RPT192875,2017-06-26,2017-06-26,,,,,,,
Tenancy,rps_lng-HDO170068,rps_lng-HDO18000926,rps_lng-RPT193227,2018-02-26,2018-03-15,,,,,,,
Tenancy,rps_lng-HDO170069,rps_lng-HDO18002075,rps_lng-HDO191327,2020-12-09,,,,,,,,
Tenancy,rps_lng-HDO170069,rps_lng-HDO19005924,rps_lng-HDO191327,2020-01-02,,,,,,,,
Tenancy,rps_lng-HDO170069,,rps_lng-RPT192877,2018-02-05,2017-05-04,,,,,,,
Tenancy,rps_lng-HDO170069,rps_lng-HDO17001386,rps_lng-RPT192877,2017-10-23,2017-10-23,,,,,,,
Tenancy,rps_lng-HDO170069,rps_lng-HDO17001386,rps_lng-RPT192877,2017-09-16,2017-09-28,,,,,,,
Tenancy,rps_lng-HDO170069,rps_lng-HDO14000888,rps_lng-RPT193215,2018-10-27,2018-10-30,,,,,,,
Tenancy,rps_lng-HDO170069,rps_lng-HDO18000980,rps_lng-RPT193215,2018-08-31,2018-09-12,,,,,,,
Tenancy,rps_lng-HDO170069,rps_lng-HDO17001477,rps_lng-RPT193215,2018-02-16,2018-02-15,,,,,,,
Creditor,rps_lng-HDO170073,rps_lng-DRE19000036,rps_lng-RPT193025,2021-06-28,,,,,,,,
Tenancy,rps_lng-HDO170073,rps_lng-HDO16001050,rps_lng-RPT193025,2020-03-17,,,,,,,,
Tenancy,rps_lng-HDO170073,rps_lng-DRE19000036,rps_lng-RPT193025,2019-07-22,2019-08-02,,,,,,,
Tenancy,rps_lng-HDO170073,rps_lng-HDO16001000,rps_lng-RPT193025,2018-10-24,2018-10-26,,,,,,,
Tenancy,rps_lng-HDO170073,rps_lng-HDO16001022,rps_lng-RPT193025,2018-01-31,2018-06-13,,,,,,,
Tenancy,rps_lng-HDO170073,rps_lng-HDO16001000,rps_lng-RPT193025,2017-05-31,2017-05-31,,,,,,,
Tenancy,rps_lng-HDO170074,rps_lng-HDO13000942,rps_lng-RPT192882,2018-07-02,2018-07-19,,,,,,,
Tenancy,rps_lng-HDO170074,rps_lng-HDO17001386,rps_lng-RPT192882,2017-11-17,2017-11-16,,,,,,,
Tenancy,rps_lng-HDO170075,,rps_lng-RPT192883,2021-02-09,,,,,,,,
Tenancy,rps_lng-HDO170075,rps_lng-HDO19001340,rps_lng-RPT192883,2020-10-06,,,,,,,,
Tenancy,rps_lng-HDO170075,rps_lng-HDO19001340,rps_lng-RPT192883,2019-10-18,,,,,,,,
Tenancy,rps_lng-HDO170075,rps_lng-HDO19001340,rps_lng-RPT192883,2019-08-22,,,,,,,,
Tenancy,rps_lng-HDO170079,,rps_lng-RPT192887,2018-11-21,2018-11-22,,,,,,,
Creditor,rps_lng-HDO170080,rps_lng-HDO18002118,rps_lng-HDO200255,2021-06-25,,,,,,,,
Tenancy,rps_lng-HDO170080,rps_lng-HDO19001421,rps_lng-HDO200255,2021-02-01,,,,,,,,
Tenancy,rps_lng-HDO170080,rps_lng-HDO12001538,rps_lng-RPT192888,2017-06-02,2017-06-02,,,,,,,
Tenancy,rps_lng-HDO170080,rps_lng-HDO15001008,rps_lng-RPT192888,2017-06-02,2017-06-12,,,,,,,
Tenancy,rps_lng-HDO170080,,rps_lng-RPT193082,2019-11-25,,,,,,,,
Tenancy,rps_lng-HDO170080,,rps_lng-RPT193082,2019-11-21,,,,,,,,
Tenancy,rps_lng-HDO170080,rps_lng-HDO13000942,rps_lng-RPT193082,2018-05-09,2018-05-10,,,,,,,
Tenancy,rps_lng-HDO170080,rps_lng-HDO16001000,rps_lng-RPT193082,2018-02-22,2018-03-01,,,,,,,
Tenancy,rps_lng-HDO170080,rps_lng-HDO17001386,rps_lng-RPT193082,2017-09-25,2017-09-25,,,,,,,
Tenancy,rps_lng-HDO170080,rps_lng-HDO17001386,rps_lng-RPT193082,2017-09-25,2017-10-12,,,,,,,
Tenancy,rps_lng-HDO170080,rps_lng-HDO17001386,rps_lng-RPT193082,2017-09-25,2017-10-12,,,,,,,
Tenancy,rps_lng-HDO170080,rps_lng-HDO17001386,rps_lng-RPT193082,2017-08-30,2017-09-09,,,,,,,
Tenancy,rps_lng-HDO170080,rps_lng-HDO17001386,rps_lng-RPT193082,2017-08-28,2017-09-09,,,,,,,
Tenancy,rps_lng-HDO170080,rps_lng-HDO17001386,rps_lng-RPT193082,2017-08-25,2017-10-04,,,,,,,
Tenancy,rps_lng-HDO170080,rps_lng-HDO17001386,rps_lng-RPT193082,2017-08-24,2017-09-09,,,,,,,
Tenancy,rps_lng-HDO170080,rps_lng-HDO14000888,rps_lng-RPT193082,2017-07-17,2017-07-17,,,,,,,
Tenancy,rps_lng-HDO170080,rps_lng-HDO17001386,rps_lng-RPT193082,2017-07-07,2017-07-07,,,,,,,
Tenancy,rps_lng-HDO170081,rps_lng-HDO18000926,rps_lng-RPT192889,2018-04-25,2018-05-05,,,,,,,
Tenancy,rps_lng-HDO170081,rps_lng-HDO17001386,rps_lng-RPT192889,2017-09-02,2017-09-01,,,,,,,
Tenancy,rps_lng-HDO170081,rps_lng-HDO17001386,rps_lng-RPT192889,2017-07-24,2017-07-27,,,,,,,
Tenancy,rps_lng-HDO170090,,rps_lng-RPT192897,2021-03-04,,,,,,,,
Tenancy,rps_lng-HDO170090,rps_lng-HDO19001493,rps_lng-RPT192897,2021-01-11,,,,,,,,
Tenancy,rps_lng-HDO170181,rps_lng-HDO13000942,rps_lng-HDO191232,2020-11-12,,,,,,,,
Tenancy,rps_lng-HDO170181,rps_lng-HDO19001288,rps_lng-HDO191232,2020-02-20,,,,,,,,
Tenancy,rps_lng-HDO170181,rps_lng-HDO16001035,rps_lng-HDO191232,2020-02-05,,,,,,,,
Tenancy,rps_lng-HDO170181,rps_lng-HDO19006010,rps_lng-HDO191232,2020-01-07,,,,,,,,
Tenancy,rps_lng-HDO170181,rps_lng-HDO17002857,rps_lng-HDO191232,2020-01-07,,,,,,,,
Tenancy,rps_lng-HDO170181,rps_lng-HDO19002205,rps_lng-HDO191232,2020-01-06,,,,,,,,
Creditor,rps_lng-HDO170181,rps_lng-HDO19004377,rps_lng-HDO210415,2021-11-09,,,,,,,,
Tenancy,rps_lng-HDO170181,rps_lng-HDO19004377,rps_lng-HDO210415,2021-10-27,,,,,,,,
Creditor,rps_lng-HDO170181,rps_lng-HDO19004377,rps_lng-HDO210415,2021-10-18,,,,,,,,
Creditor,rps_lng-HDO170181,rps_lng-CVA21002487,rps_lng-HDO210415,2021-08-09,2021-08-23,,,,,,,
Creditor,rps_lng-HDO170181,rps_lng-HDO21001136,rps_lng-HDO210415,2021-07-14,,,,,,,,
Tenancy,rps_lng-HDO170181,rps_lng-HDO16001035,rps_lng-RPT193022,2019-06-06,,,,,,,,
Tenancy,rps_lng-HDO170181,rps_lng-HDO16001002,rps_lng-RPT193022,2018-10-17,2018-10-22,,,,,,,
Tenancy,rps_lng-HDO170181,rps_lng-HDO13000942,rps_lng-RPT193022,2018-09-13,2018-09-13,,,,,,,
Tenancy,rps_lng-HDO170181,,rps_lng-RPT193022,2018-08-10,2018-08-10,,,,,,,
Tenancy,rps_lng-HDO170181,rps_lng-HDO17001386,rps_lng-RPT193022,2017-11-27,2017-12-07,,,,,,,
Tenancy,rps_lng-HDO170181,rps_lng-HDO16001035,rps_lng-RPT193022,2017-09-18,2017-09-18,,,,,,,
Tenancy,rps_lng-HDO170181,rps_lng-HDO17001366,rps_lng-RPT193022,2017-06-23,2017-06-23,,,,,,,
Tenancy,rps_lng-HDO170201,rps_lng-HDO08001946,rps_lng-RPT193050,2021-03-22,,,,,,,,
Creditor,rps_lng-HDO170201,rps_lng-HDO19001873,rps_lng-RPT193050,2021-03-04,2021-03-04,,,,,,,
Tenancy,rps_lng-HDO170201,rps_lng-HDO16001050,rps_lng-RPT193050,2020-09-09,2020-09-08,,,,,,,
Tenancy,rps_lng-HDO170201,,rps_lng-RPT193050,2020-06-09,2020-06-09,,,,,,,
Tenancy,rps_lng-HDO170201,rps_lng-HDO16001000,rps_lng-RPT193050,2019-06-03,,,,,,,,
Tenancy,rps_lng-HDO170201,rps_lng-HDO19001086,rps_lng-RPT193050,2019-05-29,,,,,,,,
Tenancy,rps_lng-HDO170201,rps_lng-HDO18000926,rps_lng-RPT193050,2018-06-08,2018-06-15,,,,,,,
Tenancy,rps_lng-HDO170201,rps_lng-HDO17001386,rps_lng-RPT193050,2017-10-23,2017-10-23,,,,,,,
Tenancy,rps_lng-HDO170201,rps_lng-HDO17001386,rps_lng-RPT193050,2017-09-26,2017-10-10,,,,,,,
Tenancy,rps_lng-HDO180004,,rps_lng-HDO191299,2020-07-16,,,,,,,,
Creditor,rps_lng-HDO180011,rps_lng-HDO21001573,rps_lng-HDO211449,2022-07-25,2022-07-25,,,,,,,
Creditor,rps_lng-HDO180011,rps_lng-VAD21000019,rps_lng-HDO211449,2021-11-16,,,,,,,,
Creditor,rps_lng-HDO180011,rps_lng-HDO19001421,rps_lng-HDO221861,2023-05-18,,,,,,,,
Creditor,rps_lng-HDO180011,rps_lng-DRE19000036,rps_lng-HDO221861,2023-02-01,,,,,,,,
Tenancy,rps_lng-HDO180015,rps_lng-HDO20000602,rps_lng-HDO190420,2020-07-06,,,,,,,,
Tenancy,rps_lng-HDO180015,rps_lng-HDO12002949,rps_lng-HDO190420,2019-11-29,2019-11-29,,,,,,,
Tenancy,rps_lng-HDO180015,rps_lng-HDO17002776,rps_lng-HDO190420,2019-11-29,,,,,,,,
Tenancy,rps_lng-HDO180015,rps_lng-HDO19001340,rps_lng-HDO190420,2019-08-12,,,,,,,,
Tenancy,rps_lng-HDO180015,rps_lng-HDO12001411,rps_lng-HDO200562,2020-09-16,,,,,,,,
Tenancy,rps_lng-HDO180015,rps_lng-HDO19001281,rps_lng-RPT190472,2019-05-20,,,,,,,,
Creditor,rps_lng-HDO180018,rps_lng-HDO19001188,rps_lng-HDO220498,2023-03-29,,,,,,,,
Tenancy,rps_lng-HDO180018,,rps_lng-HDO220498,2023-01-12,,,,,,,,
Tenancy,rps_lng-HDO180020,rps_lng-HDO19004377,rps_lng-RPT191005,2020-11-22,2020-11-22,,,,,,,
Tenancy,rps_lng-HDO180020,rps_lng-HDO19001873,rps_lng-RPT191005,2020-08-10,,,,,,,,
Tenancy,rps_lng-HDO180020,rps_lng-HDO19001873,rps_lng-RPT191005,2019-06-11,,,,,,,,
Tenancy,rps_lng-HDO180020,rps_lng-HDO19002247,rps_lng-RPT191005,2019-04-04,2019-04-12,,,,,,,
Tenancy,rps_lng-HDO180020,rps_lng-HDO09001040,rps_lng-RPT191005,2019-03-18,2019-03-22,,,,,,,
Creditor,rps_lng-HDO180021,rps_lng-HDO19001340,rps_lng-RPT190996,2022-02-15,,,,,,,,
Creditor,rps_lng-HDO180021,rps_lng-HDO19001439,rps_lng-RPT190996,2021-08-04,2021-08-04,,,,,,,
Tenancy,rps_lng-HDO180021,rps_lng-HDO19001493,rps_lng-RPT190996,2020-05-22,,,,,,,,
Tenancy,rps_lng-HDO180021,rps_lng-HDO19001421,rps_lng-RPT190996,2020-03-17,2020-03-17,,,,,,,
Tenancy,rps_lng-HDO180021,rps_lng-HDO19001421,rps_lng-RPT190996,2020-03-17,2020-03-17,,,,,,,
Tenancy,rps_lng-HDO180021,rps_lng-HDO19001340,rps_lng-RPT190996,2019-12-22,,,,,,,,
Tenancy,rps_lng-HDO180021,rps_lng-HDO19001421,rps_lng-RPT190996,2019-12-22,,,,,,,,
Tenancy,rps_lng-HDO180021,,rps_lng-RPT190996,2019-08-11,,,,,,,,
Tenancy,rps_lng-HDO180021,,rps_lng-RPT190996,2019-08-11,,,,,,,,
Tenancy,rps_lng-HDO180021,,rps_lng-RPT190996,2019-06-19,,,,,,,,
Creditor,rps_lng-HDO190005,rps_lng-HDO19001340,rps_lng-HDO210573,2021-11-24,,,,,,,,
Creditor,rps_lng-HDO190005,rps_lng-VAD21000019,rps_lng-HDO210573,2021-09-03,,,,,,,,
Tenancy,rps_lng-HDO190005,rps_lng-HDO19004377,rps_lng-RPT191352,2020-05-20,2020-05-21,,,,,,,
Tenancy,rps_lng-HDO190005,rps_lng-HDO19001340,rps_lng-RPT191352,2019-10-14,,,,,,,,
Tenancy,rps_lng-HDO190005,rps_lng-HDO19001439,rps_lng-RPT191352,2019-07-11,,,,,,,,
Creditor,rps_lng-HDO190032,rps_lng-DRE19000036,rps_lng-RPT191335,2021-03-30,,,,,,,,
Tenancy,rps_lng-HDO190065,rps_lng-DRE19000036,rps_lng-RPT190752,2019-08-02,,,,,,,,
Tenancy,rps_lng-HDO190066,rps_lng-CHA19000037,rps_lng-JAM200037,2020-04-08,,,,,,,,
Tenancy,rps_lng-HDO190066,rps_lng-JAM20000086,rps_lng-JAM200037,2020-04-08,,,,,,,,
Tenancy,rps_lng-HDO190071,rps_lng-HDO19001873,rps_lng-HDO200055,2020-12-09,,,,,,,,
Tenancy,rps_lng-HDO190071,,rps_lng-RPT190905,2020-01-21,,,,,,,,
Tenancy,rps_lng-HDO190072,rps_lng-HDO19001340,rps_lng-HDO190874,2020-11-13,,,,,,,,
Tenancy,rps_lng-HDO190072,rps_lng-HDO19004528,rps_lng-HDO190874,2020-04-08,,,,,,,,
Tenancy,rps_lng-HDO190072,rps_lng-HDO19001115,rps_lng-HDO190874,2019-10-31,,,,,,,,
Creditor,rps_lng-HDO190072,rps_lng-VAD21000019,rps_lng-HDO200929,2021-02-04,2021-02-04,,,,,,,
Tenancy,rps_lng-HDO190091,rps_lng-CHA19000037,rps_lng-HDO200844,2020-11-20,,,,,,,,
Tenancy,rps_lng-HDO190099,,rps_lng-HDO200690,2021-03-18,,,,,,,,
Tenancy,rps_lng-HDO190099,rps_lng-HDO18002118,rps_lng-RPT191591,2020-08-17,,,,,,,,
Tenancy,rps_lng-HDO190099,rps_lng-HDO19001340,rps_lng-RPT191591,2019-03-25,2019-03-29,,,,,,,
Tenancy,rps_lng-HDO190111,rps_lng-HDO12001411,rps_lng-RPT191529,2020-09-16,,,,,,,,
Tenancy,rps_lng-HDO190111,rps_lng-HDO18002118,rps_lng-RPT191529,2020-07-29,,,,,,,,
Tenancy,rps_lng-HDO190111,rps_lng-JAM20000137,rps_lng-RPT191529,2019-11-17,,,,,,,,
Tenancy,rps_lng-HDO190111,rps_lng-HDO19001169,rps_lng-RPT191529,2019-04-10,2019-04-16,,,,,,,
Tenancy,rps_lng-HDO190116,,rps_lng-HDO210052,2022-02-22,,,,,,,,
Tenancy,rps_lng-HDO190116,rps_lng-HDO19005833,rps_lng-RPT190665,2020-01-17,,,,,,,,
Tenancy,rps_lng-HDO190128,rps_lng-HDO19001340,rps_lng-RPT191161,2019-09-10,,,,,,,,
Tenancy,rps_lng-HDO190128,rps_lng-HDO19001340,rps_lng-RPT191161,2019-03-21,2019-03-28,,,,,,,
Creditor,rps_lng-HDO190133,rps_lng-HDO19001325,rps_lng-HDO210148,2021-07-16,,,,,,,,
Creditor,rps_lng-HDO190133,rps_lng-HDO19001325,rps_lng-HDO210148,2021-04-27,,,,,,,,
Creditor,rps_lng-HDO190134,rps_lng-DRE19000036,rps_lng-RPT191397,2021-07-13,,,,,,,,
Tenancy,rps_lng-HDO190134,rps_lng-HDO19001281,rps_lng-RPT191397,2019-07-25,,,,,,,,
Tenancy,rps_lng-HDO190159,rps_lng-HDO19001340,rps_lng-HDO190667,2019-08-27,,,,,,,,
Creditor,rps_lng-HDO190164,rps_lng-DRE19000036,rps_lng-HDO200279,2021-07-07,,,,,,,,
Tenancy,rps_lng-HDO190164,rps_lng-HDO12001411,rps_lng-HDO200279,2020-09-16,,,,,,,,
Tenancy,rps_lng-HDO190164,rps_lng-HDO19001421,rps_lng-HDO200279,2020-07-07,,,,,,,,
Tenancy,rps_lng-HDO190164,rps_lng-HDO20000602,rps_lng-HDO200279,2020-07-06,,,,,,,,
Tenancy,rps_lng-HDO190164,rps_lng-HDO19004377,rps_lng-HDO200279,2020-06-29,,,,,,,,
Tenancy,rps_lng-HDO190164,rps_lng-HDO19004738,rps_lng-RPT191604,2020-02-26,,,,,,,,
Tenancy,rps_lng-HDO190164,rps_lng-HDO19001421,rps_lng-RPT191604,2019-04-04,,,,,,,,
Tenancy,rps_lng-HDO190164,rps_lng-HDO19001421,rps_lng-RPT191604,2019-03-13,2019-03-20,,,,,,,
Tenancy,rps_lng-HDO190182,rps_lng-HDO19001340,rps_lng-WES190003,2019-04-04,2019-04-10,,,,,,,
Tenancy,rps_lng-HDO190200,,rps_lng-RPT191296,2020-03-26,,,,,,,,
Tenancy,rps_lng-HDO190200,rps_lng-HDO19001086,rps_lng-RPT191296,2019-05-22,,,,,,,,
Tenancy,rps_lng-HDO190203,,rps_lng-RPT191338,2020-01-21,,,,,,,,
Tenancy,rps_lng-HDO190203,rps_lng-HDO19001169,rps_lng-RPT191338,2019-05-27,,,,,,,,
Tenancy,rps_lng-HDO190222,rps_lng-WES19000033,rps_lng-HDO190005,2020-07-22,,,,,,,,
Tenancy,rps_lng-HDO190222,rps_lng-HDO19004377,rps_lng-HDO190005,2020-06-22,,,,,,,,
Tenancy,rps_lng-HDO190222,rps_lng-HDO19001421,rps_lng-HDO190005,2019-08-07,,,,,,,,
Tenancy,rps_lng-HDO190222,rps_lng-HDO19001340,rps_lng-HDO190005,2019-04-02,,,,,,,,
Tenancy,rps_lng-HDO190233,rps_lng-HDO12001411,rps_lng-HDO190061,2020-09-30,,,,,,,,
Tenancy,rps_lng-HDO190233,rps_lng-HDO19001472,rps_lng-WES190001,2019-05-22,,,,,,,,
Creditor,rps_lng-HDO190252,rps_lng-CVA21002615,rps_lng-RPT190744,2021-04-23,,,,,,,,
Tenancy,rps_lng-HDO190252,rps_lng-HDO20000457,rps_lng-RPT190744,2020-11-02,,,,,,,,
Creditor,rps_lng-HDO190255,rps_lng-HDO18002118,rps_lng-HDO210019,2022-01-27,,,,,,,,
Creditor,rps_lng-HDO190255,rps_lng-DRE19000036,rps_lng-HDO210019,2021-09-07,,,,,,,,
Tenancy,rps_lng-HDO190255,rps_lng-WES20000062,rps_lng-HDO210019,2021-02-10,,,,,,,,
Tenancy,rps_lng-HDO190255,rps_lng-HDO19001421,rps_lng-HDO210019,2021-01-25,,,,,,,,
Creditor,rps_lng-HDO190262,rps_lng-HDO12002949,rps_lng-RPT191601,2021-05-27,,,,,,,,
Creditor,rps_lng-HDO190262,rps_lng-CVA21002615,rps_lng-RPT191601,2021-05-25,,,,,,,,
Tenancy,rps_lng-HDO190262,rps_lng-HDO19004465,rps_lng-RPT191601,2020-04-13,2020-04-13,,,,,,,
Tenancy,rps_lng-HDO190262,rps_lng-HDO19001421,rps_lng-RPT191601,2019-07-01,,,,,,,,
Creditor,rps_lng-HDO190265,rps_lng-HDO21001981,rps_lng-RPT191382,2021-10-11,,,,,,,,
Tenancy,rps_lng-HDO190269,rps_lng-HDO19001340,rps_lng-RPT191354,2020-03-31,,,,,,,,
Tenancy,rps_lng-HDO190269,,rps_lng-RPT191354,2019-10-17,,,,,,,,
Tenancy,rps_lng-HDO190269,rps_lng-WES19000024,rps_lng-RPT191354,2019-09-25,,,,,,,,
Tenancy,rps_lng-HDO190269,rps_lng-WES19000024,rps_lng-RPT191354,2019-07-30,,,,,,,,
Tenancy,rps_lng-HDO190269,rps_lng-HDO19001340,rps_lng-RPT191354,2019-04-04,2019-04-08,,,,,,,
Tenancy,rps_lng-HDO190286,rps_lng-DRE19000036,rps_lng-JAM200079,2021-02-25,,,,,,,,
Tenancy,rps_lng-HDO190286,rps_lng-JAM20000137,rps_lng-JAM200079,2020-09-09,,,,,,,,
Tenancy,rps_lng-HDO190288,rps_lng-HDO18002118,rps_lng-HDO191234,2020-09-28,,,,,,,,
Tenancy,rps_lng-HDO190288,rps_lng-WES19000013,rps_lng-HDO191234,2020-01-10,,,,,,,,
Tenancy,rps_lng-HDO190288,rps_lng-HDO19001835,rps_lng-HDO191234,2020-01-06,,,,,,,,
Tenancy,rps_lng-HDO190288,rps_lng-WES19000013,rps_lng-HDO191234,2020-01-06,,,,,,,,
Tenancy,rps_lng-HDO190321,rps_lng-JAM20000086,rps_lng-RPT190634,2020-03-20,2020-03-20,,,,,,,
Tenancy,rps_lng-HDO190351,rps_lng-HDO19001421,rps_lng-HDO191199,2019-12-31,,,,,,,,
Tenancy,rps_lng-HDO190351,rps_lng-CHA19000037,rps_lng-HDO191199,2019-12-09,,,,,,,,
Tenancy,rps_lng-HDO190351,rps_lng-HDO19001281,rps_lng-RPT190242,2019-08-01,,,,,,,,
Tenancy,rps_lng-HDO190351,rps_lng-WES19000009,rps_lng-RPT190242,2019-03-18,2019-03-22,,,,,,,
Tenancy,rps_lng-HDO190351,rps_lng-HDO09001040,rps_lng-RPT190242,2019-03-07,2019-03-12,,,,,,,
Tenancy,rps_lng-HDO190351,rps_lng-HDO19001281,rps_lng-RPT190242,2019-03-07,2019-03-20,,,,,,,
Tenancy,rps_lng-HDO190386,,rps_lng-COS190028,2021-07-05,,,,,,,,
Tenancy,rps_lng-HDO190386,,rps_lng-COS190028,2021-06-14,2021-06-13,,,,,,,
Tenancy,rps_lng-HDO190386,rps_lng-HDO18002179,rps_lng-COS190028,2019-08-12,,,,,,,,
Tenancy,rps_lng-HDO190386,rps_lng-HDO15002958,rps_lng-COS190028,2019-08-05,,,,,,,,
Tenancy,rps_lng-HDO190386,rps_lng-HDO16001000,rps_lng-COS190028,2019-05-23,,,,,,,,
Tenancy,rps_lng-HDO190386,rps_lng-HDO18002179,rps_lng-COS190028,2019-05-23,,,,,,,,
Creditor,rps_lng-HDO190386,rps_lng-DRE19000036,rps_lng-HDO210830,2022-10-17,,,,,,,,
Creditor,rps_lng-HDO190386,rps_lng-VAD21000019,rps_lng-HDO210830,2022-08-10,,,,,,,,
Creditor,rps_lng-HDO190386,rps_lng-HDO19001188,rps_lng-HDO221632,2023-03-30,,,,,,,,
Creditor,rps_lng-HDO190386,rps_lng-VAD22000038,rps_lng-HDO221632,2022-12-07,,,,,,,,
Creditor,rps_lng-HDO190386,rps_lng-CVA21004144,rps_lng-HDO221632,2022-12-06,,,,,,,,
Creditor,rps_lng-HDO190405,rps_lng-HDO19001188,rps_lng-HDO190056,2023-03-30,,,,,,,,
Tenancy,rps_lng-HDO190405,,rps_lng-HDO190056,2023-01-30,,,,,,,,
Tenancy,rps_lng-HDO190405,,rps_lng-HDO190056,2020-08-06,,,,,,,,
Tenancy,rps_lng-HDO190405,,rps_lng-HDO190056,2020-06-04,,,,,,,,
Tenancy,rps_lng-HDO190405,rps_lng-HDO14002397,rps_lng-HDO190056,2020-01-10,,,,,,,,
Tenancy,rps_lng-HDO190423,rps_lng-HDO19001288,rps_lng-HDO190117,2019-06-17,,,,,,,,
Creditor,rps_lng-HDO190423,rps_lng-HDO21001573,rps_lng-HDO200701,2023-04-27,,,,,,,,
Creditor,rps_lng-HDO190423,rps_lng-HDO19001188,rps_lng-HDO200701,2023-03-29,,,,,,,,
Creditor,rps_lng-HDO190423,rps_lng-DRE19000076,rps_lng-HDO200701,2023-03-06,,,,,,,,
Creditor,rps_lng-HDO190423,rps_lng-HDO21001573,rps_lng-HDO200701,2023-02-23,,,,,,,,
Creditor,rps_lng-HDO190423,rps_lng-DRE19000036,rps_lng-HDO200701,2023-01-13,,,,,,,,
Creditor,rps_lng-HDO190423,rps_lng-HDO19001147,rps_lng-HDO200701,2022-12-12,,,,,,,,
Creditor,rps_lng-HDO190423,rps_lng-VAD21000019,rps_lng-HDO200701,2022-04-22,,,,,,,,
Tenancy,rps_lng-HDO190423,rps_lng-HDO21001478,rps_lng-HDO200701,2021-11-08,,,,,,,,
Tenancy,rps_lng-HDO190423,rps_lng-CVA21002238,rps_lng-HDO200701,2021-09-16,,,,,,,,
Tenancy,rps_lng-HDO190423,,rps_lng-HDO200701,2020-11-30,,,,,,,,
Tenancy,rps_lng-HDO190423,rps_lng-DRE19000036,rps_lng-HDO200701,2020-09-23,2020-09-23,,,,,,,
Tenancy,rps_lng-HDO190424,rps_lng-DRE19000036,rps_lng-HDO190111,2019-11-17,,,,,,,,
Tenancy,rps_lng-HDO190424,rps_lng-HDO16001000,rps_lng-HDO190111,2019-07-23,,,,,,,,
Creditor,rps_lng-HDO190424,rps_lng-HDO19001147,rps_lng-HDO211033,2023-04-14,,,,,,,,
Creditor,rps_lng-HDO190424,rps_lng-HDO19001439,rps_lng-HDO211033,2023-04-14,,,,,,,,
Creditor,rps_lng-HDO190424,rps_lng-DRE19000076,rps_lng-HDO211033,2023-04-14,,,,,,,,
Tenancy,rps_lng-HDO190424,,rps_lng-HDO211033,2023-01-31,,,,,,,,
Creditor,rps_lng-HDO190424,rps_lng-HDO19001147,rps_lng-HDO211033,2022-08-01,,,,,,,,
Tenancy,rps_lng-HDO190424,rps_lng-HDO18002179,rps_lng-HDO211033,2022-03-21,,,,,,,,
Creditor,rps_lng-HDO190424,rps_lng-VAD21000019,rps_lng-HDO211033,2021-10-06,,,,,,,,
Tenancy,rps_lng-HDO190424,rps_lng-DRE19000036,rps_lng-HDO211033,2021-08-30,,,,,,,,
Creditor,rps_lng-HDO190431,rps_lng-HDO19002005,rps_lng-HDO190359,2022-04-29,,,,,,,,
Tenancy,rps_lng-HDO190431,,rps_lng-HDO190359,2021-06-15,,,,,,,,
Tenancy,rps_lng-HDO190431,,rps_lng-HDO190359,2021-06-15,,,,,,,,
Tenancy,rps_lng-HDO190431,rps_lng-DRE21000027,rps_lng-HDO190359,2020-06-29,,,,,,,,
Tenancy,rps_lng-HDO190431,rps_lng-HDO19002113,rps_lng-HDO190359,2019-11-25,,,,,,,,
Tenancy,rps_lng-HDO190431,,rps_lng-HDO190359,2019-11-25,,,,,,,,
Tenancy,rps_lng-HDO190431,,rps_lng-HDO190359,2019-11-25,,,,,,,,
Creditor,rps_lng-HDO190672,rps_lng-HDO19001203,rps_lng-HDO190665,2023-04-18,,,,,,,,
Tenancy,rps_lng-HDO190672,,rps_lng-HDO190665,2023-03-10,,,,,,,,
Creditor,rps_lng-HDO190672,rps_lng-HDO19001203,rps_lng-HDO190665,2022-12-01,,,,,,,,
Creditor,rps_lng-HDO190672,rps_lng-HDO21001981,rps_lng-HDO190665,2022-02-28,,,,,,,,
Creditor,rps_lng-HDO190679,rps_lng-CVA21004222,rps_lng-HDO190397,2022-03-21,,,,,,,,
Creditor,rps_lng-HDO190679,rps_lng-HDO19001693,rps_lng-HDO190397,2022-02-18,,,,,,,,
Creditor,rps_lng-HDO190679,rps_lng-HDO19001340,rps_lng-HDO190397,2022-02-03,,,,,,,,
Creditor,rps_lng-HDO190679,rps_lng-CVA21004222,rps_lng-HDO190397,2021-11-22,,,,,,,,
Creditor,rps_lng-HDO190679,rps_lng-HDO19001340,rps_lng-HDO190397,2021-10-29,,,,,,,,
Creditor,rps_lng-HDO190679,rps_lng-HDO19001421,rps_lng-HDO190397,2021-07-26,,,,,,,,
Creditor,rps_lng-HDO190679,rps_lng-HDO19001493,rps_lng-HDO190397,2021-07-05,,,,,,,,
Creditor,rps_lng-HDO190679,rps_lng-HDO19001340,rps_lng-HDO190397,2021-05-31,,,,,,,,
Tenancy,rps_lng-HDO190679,rps_lng-DRE21000021,rps_lng-HDO190397,2021-02-26,,,,,,,,
Tenancy,rps_lng-HDO190679,rps_lng-JAM20000137,rps_lng-HDO190397,2021-01-05,,,,,,,,
Tenancy,rps_lng-HDO190679,rps_lng-JAM20000137,rps_lng-HDO190397,2020-12-11,,,,,,,,
Tenancy,rps_lng-HDO190679,rps_lng-HDO19001340,rps_lng-HDO190397,2020-06-09,,,,,,,,
Tenancy,rps_lng-HDO190680,rps_lng-HDO19001406,rps_lng-HDO190417,2019-12-04,,,,,,,,
Creditor,rps_lng-HDO190680,rps_lng-HDO19001188,rps_lng-HDO211310,2023-03-30,,,,,,,,
Creditor,rps_lng-HDO190680,rps_lng-CVA21002453,rps_lng-HDO211310,2022-08-17,,,,,,,,
Creditor,rps_lng-HDO190680,rps_lng-HDO20002252,rps_lng-HDO211310,2021-10-26,,,,,,,,
Tenancy,rps_lng-HDO190919,rps_lng-HDO20000602,rps_lng-HDO190778,2021-05-20,,,,,,,,
Tenancy,rps_lng-HDO190919,rps_lng-DRE19000036,rps_lng-HDO190778,2020-12-01,,,,,,,,
Tenancy,rps_lng-HDO190919,,rps_lng-HDO190778,2020-11-15,2020-11-15,,,,,,,
Tenancy,rps_lng-HDO190919,,rps_lng-HDO190778,2020-11-15,2020-11-15,,,,,,,
Tenancy,rps_lng-HDO190919,,rps_lng-HDO190778,2020-11-15,2020-11-15,,,,,,,
Tenancy,rps_lng-HDO190919,,rps_lng-HDO190778,2020-09-24,2020-09-24,,,,,,,
Tenancy,rps_lng-HDO190919,rps_lng-HDO19001340,rps_lng-HDO190778,2020-09-21,,,,,,,,
Tenancy,rps_lng-HDO190919,rps_lng-HDO20001257,rps_lng-HDO190778,2020-06-29,,,,,,,,
Tenancy,rps_lng-HDO190919,rps_lng-HDO19001288,rps_lng-HDO190778,2020-06-11,,,,,,,,
Tenancy,rps_lng-HDO190919,rps_lng-HDO19004001,rps_lng-HDO190778,2020-01-20,,,,,,,,
Tenancy,rps_lng-HDO190919,rps_lng-HDO19001340,rps_lng-HDO190778,2019-10-03,,,,,,,,
Creditor,rps_lng-HDO190919,rps_lng-HDO19001188,rps_lng-HDO210905,2023-03-29,,,,,,,,
Creditor,rps_lng-HDO190919,rps_lng-HDO20000602,rps_lng-HDO210905,2022-03-24,,,,,,,,
Creditor,rps_lng-HDO190919,rps_lng-HDO16001050,rps_lng-HDO210905,2021-12-21,,,,,,,,
Creditor,rps_lng-HDO190919,rps_lng-SAN21000024,rps_lng-HDO210905,2021-09-13,,,,,,,,
Creditor,rps_lng-HDO190919,rps_lng-HDO09001040,rps_lng-HDO210905,2021-09-13,,,,,,,,
Tenancy,rps_lng-HDO190949,rps_lng-HDO18002075,rps_lng-HDO190782,2020-06-02,2020-06-02,,,,,,,
Tenancy,rps_lng-HDO190952,rps_lng-JAM21000034,rps_lng-HDO191264,2021-08-11,2021-08-11,,,,,,,
Tenancy,rps_lng-HDO190952,rps_lng-HDO16001035,rps_lng-HDO191264,2021-06-28,,,,,,,,
Creditor,rps_lng-HDO190952,rps_lng-HDO19001421,rps_lng-HDO191264,2021-05-03,2021-05-03,,,,,,,
Tenancy,rps_lng-HDO190952,rps_lng-HDO16001035,rps_lng-HDO191264,2020-12-21,2020-12-21,,,,,,,
Tenancy,rps_lng-HDO190952,rps_lng-HDO19001782,rps_lng-HDO191264,2020-09-08,2020-09-08,,,,,,,
Tenancy,rps_lng-HDO190952,rps_lng-HDO19001340,rps_lng-HDO191264,2020-01-02,,,,,,,,
Tenancy,rps_lng-HDO190952,rps_lng-CHA19000037,rps_lng-HDO191264,2019-12-23,,,,,,,,
Tenancy,rps_lng-HDO190970,rps_lng-HDO19001539,rps_lng-HDO190822,2020-02-12,,,,,,,,
Tenancy,rps_lng-HDO190970,rps_lng-HDO14002417,rps_lng-HDO200901,2021-02-25,,,,,,,,
Tenancy,rps_lng-HDO190985,rps_lng-HDO18002118,rps_lng-HDO190864,2020-08-17,,,,,,,,
Tenancy,rps_lng-HDO190985,,rps_lng-HDO190864,2020-08-17,,,,,,,,
Tenancy,rps_lng-HDO190985,rps_lng-HDO19001340,rps_lng-HDO190864,2020-06-26,,,,,,,,
Tenancy,rps_lng-HDO190985,rps_lng-WES19000032,rps_lng-HDO190864,2020-02-10,,,,,,,,
Tenancy,rps_lng-HDO190985,rps_lng-WES19000032,rps_lng-HDO190864,2019-11-21,,,,,,,,
Tenancy,rps_lng-HDO190985,rps_lng-HDO18002118,rps_lng-HDO200740,2021-03-09,,,,,,,,
Tenancy,rps_lng-HDO190985,rps_lng-HDO21000024,rps_lng-HDO200740,2021-02-26,,,,,,,,
Creditor,rps_lng-HDO190985,rps_lng-HDO20002032,rps_lng-HDO200740,2020-12-21,2020-12-21,,,,,,,
Tenancy,rps_lng-HDO190985,rps_lng-HDO14002395,rps_lng-HDO200740,2020-10-20,,,,,,,,
Tenancy,rps_lng-HDO190985,rps_lng-HDO19001340,rps_lng-HDO200740,2020-10-20,,,,,,,,
Tenancy,rps_lng-HDO190985,,rps_lng-HDO200740,2020-10-19,2020-10-19,,,,,,,
Tenancy,rps_lng-HDO190985,rps_lng-WES19000032,rps_lng-HDO200740,2020-10-18,2020-10-18,,,,,,,
Tenancy,rps_lng-HDO190985,,rps_lng-HDO200740,2020-10-15,,,,,,,,
Creditor,rps_lng-HDO190985,rps_lng-WES19000032,rps_lng-HDO210264,2022-02-01,,,,,,,,
Creditor,rps_lng-HDO190985,rps_lng-WES19000032,rps_lng-HDO210264,2021-08-31,,,,,,,,
Creditor,rps_lng-HDO190985,rps_lng-WES19000032,rps_lng-HDO210264,2021-04-14,,,,,,,,
Creditor,rps_lng-HDO190985,rps_lng-HDO19001340,rps_lng-HDO210264,2021-03-18,,,,,,,,
Tenancy,rps_lng-HDO190985,rps_lng-WES19000032,rps_lng-HDO210264,2021-02-26,,,,,,,,
Tenancy,rps_lng-HDO190994,rps_lng-HDO19005924,rps_lng-HDO190999,2020-04-17,,,,,,,,
Tenancy,rps_lng-HDO190994,,rps_lng-HDO190999,2020-04-03,,,,,,,,
Tenancy,rps_lng-HDO190994,rps_lng-HDO19005924,rps_lng-HDO190999,2020-04-02,,,,,,,,
Tenancy,rps_lng-HDO190994,rps_lng-WES19000021,rps_lng-HDO190999,2019-12-03,,,,,,,,
Creditor,rps_lng-HDO190994,rps_lng-HDO19001340,rps_lng-HDO200688,2023-04-14,,,,,,,,
Creditor,rps_lng-HDO190994,rps_lng-CVA21001982,rps_lng-HDO200688,2023-03-30,,,,,,,,
Creditor,rps_lng-HDO190994,rps_lng-HDO09001040,rps_lng-HDO200688,2022-01-17,,,,,,,,
Creditor,rps_lng-HDO190994,rps_lng-HDO21001981,rps_lng-HDO200688,2021-08-04,2021-08-04,,,,,,,
Creditor,rps_lng-HDO190994,rps_lng-HDO19001340,rps_lng-HDO200688,2021-04-21,,,,,,,,
Tenancy,rps_lng-HDO190994,,rps_lng-HDO200688,2020-12-16,,,,,,,,
Tenancy,rps_lng-HDO190994,rps_lng-HDO19001421,rps_lng-HDO200688,2020-09-24,,,,,,,,
Creditor,rps_lng-HDO191048,rps_lng-HDO18002118,rps_lng-HDO191243,2021-03-23,,,,,,,,
Tenancy,rps_lng-HDO191048,,rps_lng-HDO191243,2021-02-11,,,,,,,,
Tenancy,rps_lng-HDO191048,,rps_lng-HDO191243,2021-02-11,,,,,,,,
Tenancy,rps_lng-HDO191048,,rps_lng-HDO191243,2020-03-10,,,,,,,,
Tenancy,rps_lng-HDO191048,,rps_lng-HDO191243,2020-02-10,,,,,,,,
Tenancy,rps_lng-HDO191048,rps_lng-HDO19005948,rps_lng-HDO191243,2019-12-16,,,,,,,,
Creditor,rps_lng-HDO191048,rps_lng-CVA21001982,rps_lng-HDO210595,2021-05-26,,,,,,,,
Creditor,rps_lng-HDO191048,rps_lng-VAD21000019,rps_lng-HDO210595,2021-05-25,,,,,,,,
Tenancy,rps_lng-HDO191048,rps_lng-DRE21000027,rps_lng-HDO210595,2021-05-13,,,,,,,,
Creditor,rps_lng-HDO191048,rps_lng-HDO19001340,rps_lng-HDO210595,2021-05-10,,,,,,,,
Creditor,rps_lng-HDO191255,rps_lng-SAN22000095,rps_lng-HDO210017,2023-04-03,,,,,,,,
Creditor,rps_lng-HDO191255,rps_lng-HDO16000967,rps_lng-HDO210017,2022-09-12,,,,,,,,
Creditor,rps_lng-HDO191255,rps_lng-HDO19001147,rps_lng-HDO210017,2022-06-15,,,,,,,,
Creditor,rps_lng-HDO191256,rps_lng-SAN22000095,rps_lng-HDO200016,2023-04-03,,,,,,,,
Creditor,rps_lng-HDO191256,rps_lng-HDO19001147,rps_lng-HDO200016,2022-08-18,,,,,,,,
Tenancy,rps_lng-HDO191257,,rps_lng-HDO191278,2020-07-28,,,,,,,,
Tenancy,rps_lng-HDO191257,rps_lng-HDO19001147,rps_lng-HDO210262,2021-10-12,,,,,,,,
Tenancy,rps_lng-HDO191257,rps_lng-HDO19001147,rps_lng-HDO210262,2021-06-01,,,,,,,,
Tenancy,rps_lng-HDO191257,rps_lng-DRE19000036,rps_lng-HDO210262,2021-06-01,,,,,,,,
Creditor,rps_lng-HDO191257,rps_lng-SAN22000095,rps_lng-HDO220819,2023-04-03,,,,,,,,
Creditor,rps_lng-HDO191257,rps_lng-HDO19001147,rps_lng-HDO220819,2022-08-29,,,,,,,,
Creditor,rps_lng-HDO191272,rps_lng-HDO18000912,rps_lng-HDO191308,2021-02-10,,,,,,,,
Tenancy,rps_lng-HDO191272,,rps_lng-HDO191308,2020-11-30,,,,,,,,
Tenancy,rps_lng-HDO191272,rps_lng-HDO19004377,rps_lng-HDO191308,2020-04-11,2020-04-11,,,,,,,
Creditor,rps_lng-HDO191273,rps_lng-SAN22000095,rps_lng-HDO191306,2023-04-03,,,,,,,,
Tenancy,rps_lng-HDO191273,,rps_lng-HDO191306,2022-06-15,,,,,,,,
Creditor,rps_lng-HDO200073,rps_lng-HDO18002118,rps_lng-HDO200951,2022-03-04,,,,,,,,
Creditor,rps_lng-HDO200097,rps_lng-VAD21000019,rps_lng-HDO211398,2022-05-31,,,,,,,,
Tenancy,rps_lng-HDO200097,rps_lng-HDO20002252,rps_lng-HDO211398,2021-11-18,,,,,,,,
Creditor,rps_lng-HDO200097,rps_lng-DRE19000036,rps_lng-HDO221498,2023-04-26,,,,,,,,
Creditor,rps_lng-HDO200097,rps_lng-HDO19001188,rps_lng-HDO221498,2023-03-30,,,,,,,,
Creditor,rps_lng-HDO200097,rps_lng-HDO21001573,rps_lng-HDO221498,2022-11-18,,,,,,,,
Tenancy,rps_lng-HDO200099,rps_lng-HDO14000933,rps_lng-DRE200046,2020-08-03,2020-08-03,,,,,,,
Tenancy,rps_lng-HDO200099,rps_lng-CHA20000006,rps_lng-DRE200046,2020-07-26,2020-07-26,,,,,,,
Tenancy,rps_lng-HDO200099,rps_lng-CHA19000037,rps_lng-DRE200046,2020-05-12,2020-05-12,,,,,,,
Tenancy,rps_lng-HDO200099,,rps_lng-HDO200704,2021-01-26,2021-01-26,,,,,,,
Creditor,rps_lng-HDO200102,rps_lng-DRE19000036,rps_lng-HDO220556,2023-05-23,,,,,,,,
Creditor,rps_lng-HDO200102,rps_lng-HDO19001439,rps_lng-HDO220556,2023-05-15,,,,,,,,
Creditor,rps_lng-HDO200102,rps_lng-HDO19002005,rps_lng-HDO220556,2023-05-01,,,,,,,,
Creditor,rps_lng-HDO200102,rps_lng-HDO19001188,rps_lng-HDO220556,2023-03-29,,,,,,,,
Tenancy,rps_lng-HDO200102,,rps_lng-HDO220556,2022-06-01,2022-06-01,,,,,,,
Creditor,rps_lng-HDO200103,rps_lng-VAD21000019,rps_lng-HDO200329,2022-04-27,,,,,,,,
Tenancy,rps_lng-HDO200103,rps_lng-HDO18002179,rps_lng-HDO200329,2020-11-05,,,,,,,,
Tenancy,rps_lng-HDO200107,,rps_lng-HDO200183,2020-07-01,,,,,,,,
Tenancy,rps_lng-HDO200107,,rps_lng-HDO200183,2020-04-27,,,,,,,,
Tenancy,rps_lng-HDO200107,,rps_lng-HDO200183,2020-04-27,,,,,,,,
Tenancy,rps_lng-HDO200107,,rps_lng-HDO200183,2020-04-27,,,,,,,,
Tenancy,rps_lng-HDO200123,rps_lng-DRE19000036,rps_lng-HDO200338,2021-07-29,,,,,,,,
Creditor,rps_lng-HDO200123,rps_lng-HDO19001188,rps_lng-HDO221726,2023-03-29,,,,,,,,
Tenancy,rps_lng-HDO200123,,rps_lng-HDO221726,2023-01-12,,,,,,,,
Creditor,rps_lng-HDO200166,rps_lng-HDO19001188,rps_lng-HDO200410,2023-03-29,,,,,,,,
Tenancy,rps_lng-HDO200166,,rps_lng-HDO200410,2022-08-30,,,,,,,,
Creditor,rps_lng-HDO200166,rps_lng-HDO19001439,rps_lng-HDO200410,2022-01-05,,,,,,,,
Tenancy,rps_lng-HDO200166,,rps_lng-HDO200410,2021-11-19,,,,,,,,
Tenancy,rps_lng-HDO200166,,rps_lng-HDO200410,2021-05-20,,,,,,,,
Tenancy,rps_lng-HDO200166,,rps_lng-HDO200410,2021-04-30,,,,,,,,
Tenancy,rps_lng-HDO200166,,rps_lng-HDO200410,2020-07-29,,,,,,,,
Tenancy,rps_lng-HDO200166,,rps_lng-HDO200410,2020-07-24,,,,,,,,
Tenancy,rps_lng-HDO200166,,rps_lng-HDO200410,2020-07-24,,,,,,,,
Tenancy,rps_lng-HDO200166,,rps_lng-HDO200410,2020-07-23,,,,,,,,
Tenancy,rps_lng-HDO200184,rps_lng-HDO18002179,rps_lng-HDO200310,2022-02-08,,,,,,,,
Tenancy,rps_lng-HDO200184,rps_lng-DRE19000036,rps_lng-HDO200310,2021-10-29,,,,,,,,
Tenancy,rps_lng-HDO200184,rps_lng-HDO19001076,rps_lng-HDO200310,2021-02-17,,,,,,,,
Tenancy,rps_lng-HDO200184,rps_lng-HDO18002179,rps_lng-HDO200310,2020-09-17,2020-09-17,,,,,,,
Tenancy,rps_lng-HDO200190,,rps_lng-HDO200350,2022-04-26,,,,,,,,
Tenancy,rps_lng-HDO200190,rps_lng-HDO19001421,rps_lng-HDO200350,2021-08-26,2021-08-26,,,,,,,
Tenancy,rps_lng-HDO200230,,rps_lng-HDO200584,2020-08-24,,,,,,,,
Tenancy,rps_lng-HDO200230,,rps_lng-HDO200584,2020-08-19,,,,,,,,
Tenancy,rps_lng-HDO200230,,rps_lng-HDO200584,2020-08-19,,,,,,,,
Tenancy,rps_lng-HDO200230,,rps_lng-HDO200584,2020-08-17,,,,,,,,
Tenancy,rps_lng-HDO200230,rps_lng-HDO19001188,rps_lng-HDO211498,2023-03-29,,,,,,,,
Tenancy,rps_lng-HDO200230,,rps_lng-HDO211498,2022-06-01,,,,,,,,
Tenancy,rps_lng-HDO200230,,rps_lng-HDO211498,2022-04-26,,,,,,,,
Creditor,rps_lng-HDO200230,rps_lng-VAD22000036,rps_lng-HDO211498,2022-01-17,,,,,,,,
Creditor,rps_lng-HDO200277,rps_lng-HDO17002854,rps_lng-HDO200586,2023-03-30,,,,,,,,
Creditor,rps_lng-HDO200277,rps_lng-HDO19001188,rps_lng-HDO200586,2023-03-29,,,,,,,,
Tenancy,rps_lng-HDO200277,,rps_lng-HDO200586,2022-02-03,,,,,,,,
Creditor,rps_lng-HDO200277,rps_lng-HDO21002273,rps_lng-HDO200586,2021-02-04,,,,,,,,
Tenancy,rps_lng-HDO200278,,rps_lng-HDO200564,2021-10-04,,,,,,,,
Tenancy,rps_lng-HDO200278,rps_lng-HDO18002137,rps_lng-HDO200564,2021-07-28,,,,,,,,
Creditor,rps_lng-HDO200278,rps_lng-HDO19004377,rps_lng-HDO200564,2021-07-13,,,,,,,,
Tenancy,rps_lng-HDO200278,rps_lng-HDO18002137,rps_lng-HDO200564,2021-07-13,,,,,,,,
Creditor,rps_lng-HDO200278,rps_lng-HDO18002137,rps_lng-HDO200564,2021-04-01,,,,,,,,
Tenancy,rps_lng-HDO200278,rps_lng-HDO19002680,rps_lng-HDO200564,2020-09-23,,,,,,,,
Tenancy,rps_lng-HDO200278,rps_lng-HDO18002137,rps_lng-HDO200564,2020-08-24,,,,,,,,
Creditor,rps_lng-HDO200354,rps_lng-HDO19002005,rps_lng-HDO210243,2022-04-27,2022-04-27,,,,,,,
Creditor,rps_lng-HDO200354,rps_lng-HDO19002574,rps_lng-HDO221186,2023-03-30,,,,,,,,
Creditor,rps_lng-HDO200354,rps_lng-HDO19001188,rps_lng-HDO221186,2023-03-29,,,,,,,,
Creditor,rps_lng-HDO200421,rps_lng-HDO21001573,rps_lng-HDO201092,2023-06-02,,,,,,,,
Creditor,rps_lng-HDO200421,rps_lng-DRE19000036,rps_lng-HDO201092,2023-05-22,,,,,,,,
Creditor,rps_lng-HDO200421,rps_lng-HDO15002945,rps_lng-HDO201092,2023-05-02,,,,,,,,
Tenancy,rps_lng-HDO200421,,rps_lng-HDO201092,2023-04-03,,,,,,,,
Creditor,rps_lng-HDO200421,rps_lng-HDO19001188,rps_lng-HDO201092,2023-03-27,,,,,,,,
Creditor,rps_lng-HDO200421,rps_lng-DRE19000036,rps_lng-HDO201092,2023-01-13,,,,,,,,
Creditor,rps_lng-HDO200421,rps_lng-HDO19002574,rps_lng-HDO201092,2023-01-04,,,,,,,,
Creditor,rps_lng-HDO200421,rps_lng-HDO21001573,rps_lng-HDO201092,2023-01-04,,,,,,,,
Tenancy,rps_lng-HDO200421,rps_lng-HDO19001480,rps_lng-HDO201092,2022-12-01,,,,,,,,
Creditor,rps_lng-HDO200421,rps_lng-HDO21001573,rps_lng-HDO201092,2022-11-28,,,,,,,,
Tenancy,rps_lng-HDO200421,rps_lng-CVA21002238,rps_lng-HDO201092,2022-02-16,,,,,,,,
Tenancy,rps_lng-HDO200421,rps_lng-CVA21002238,rps_lng-HDO201092,2021-12-08,,,,,,,,
Tenancy,rps_lng-HDO200421,rps_lng-HDO19001421,rps_lng-HDO201092,2021-12-08,,,,,,,,
Tenancy,rps_lng-HDO200422,rps_lng-HDO18002118,rps_lng-HDO201100,2021-02-18,,,,,,,,
Tenancy,rps_lng-HDO200422,rps_lng-HDO19002404,rps_lng-HDO201100,2021-02-18,,,,,,,,
Creditor,rps_lng-HDO200423,rps_lng-SAN21000010,rps_lng-HDO210132,2021-08-12,,,,,,,,
Creditor,rps_lng-HDO200423,rps_lng-CVA21002570,rps_lng-HDO210132,2021-08-10,,,,,,,,
Creditor,rps_lng-HDO200423,rps_lng-HDO12002949,rps_lng-HDO210132,2021-08-04,,,,,,,,
Tenancy,rps_lng-HDO200423,,rps_lng-HDO220395,2022-06-01,,,,,,,,
Creditor,rps_lng-HDO200423,rps_lng-HDO19001421,rps_lng-HDO220395,2022-04-11,2022-04-10,,,,,,,
Creditor,rps_lng-HDO200423,rps_lng-HDO17002854,rps_lng-HDO220395,2022-04-01,,,,,,,,
Creditor,rps_lng-HDO200423,rps_lng-VAD21000019,rps_lng-HDO220395,2022-03-17,,,,,,,,
Tenancy,rps_lng-HDO200434,,rps_lng-HDO210166,2021-03-29,,,,,,,,
Tenancy,rps_lng-HDO200434,,rps_lng-HDO210166,2021-03-15,,,,,,,,
Creditor,rps_lng-HDO200439,rps_lng-DRE19000036,rps_lng-HDO210015,2023-06-09,,,,,,,,
Creditor,rps_lng-HDO200439,rps_lng-VAD22000033,rps_lng-HDO210015,2023-04-14,,,,,,,,
Creditor,rps_lng-HDO200439,rps_lng-HDO19001188,rps_lng-HDO210015,2023-03-29,,,,,,,,
Creditor,rps_lng-HDO200439,rps_lng-DRE19000036,rps_lng-HDO210015,2023-02-06,,,,,,,,
Creditor,rps_lng-HDO200439,rps_lng-DRE19000036,rps_lng-HDO210015,2023-02-06,,,,,,,,
Creditor,rps_lng-HDO200439,rps_lng-HDO16001035,rps_lng-HDO210015,2021-06-24,2021-06-24,,,,,,,
Tenancy,rps_lng-HDO200439,rps_lng-DRE20000110,rps_lng-HDO210015,2021-01-22,2021-01-22,,,,,,,
Creditor,rps_lng-HDO200439,rps_lng-HDO19004177,rps_lng-HDO210015,2021-01-21,,,,,,,,
Creditor,rps_lng-HDO200439,rps_lng-HDO19004177,rps_lng-HDO210015,2021-01-21,,,,,,,,
Creditor,rps_lng-HDO210004,rps_lng-HDO19001188,rps_lng-HDO210020,2023-03-30,,,,,,,,
Creditor,rps_lng-HDO210004,rps_lng-DRE19000036,rps_lng-HDO210020,2023-01-17,,,,,,,,
Creditor,rps_lng-HDO210004,rps_lng-HDO15002945,rps_lng-HDO210020,2022-06-07,,,,,,,,
Creditor,rps_lng-HDO210004,rps_lng-HDO19001147,rps_lng-HDO210020,2022-02-02,2022-02-03,,,,,,,
Tenancy,rps_lng-HDO210004,,rps_lng-HDO210020,2021-06-09,2021-06-09,,,,,,,
Creditor,rps_lng-HDO210004,rps_lng-HDO19001076,rps_lng-HDO210020,2021-03-27,2021-03-27,,,,,,,
Tenancy,rps_lng-HDO210004,rps_lng-HDO20000588,rps_lng-HDO210020,2021-02-22,,,,,,,,
Tenancy,rps_lng-HDO210004,rps_lng-HDO20000588,rps_lng-HDO210020,2021-02-01,,,,,,,,
Tenancy,rps_lng-HDO210004,,rps_lng-HDO210020,2021-01-30,2021-01-30,,,,,,,
Tenancy,rps_lng-HDO210004,,rps_lng-HDO210020,2021-01-30,2021-01-30,,,,,,,
Tenancy,rps_lng-HDO210004,,rps_lng-HDO210020,2021-01-30,2021-01-30,,,,,,,
Tenancy,rps_lng-HDO210004,rps_lng-HDO19001076,rps_lng-HDO210020,2021-01-21,,,,,,,,
Tenancy,rps_lng-HDO210040,,rps_lng-HDO210407,2022-03-16,,,,,,,,
Creditor,rps_lng-HDO210040,rps_lng-HDO19001439,rps_lng-HDO210407,2022-01-27,,,,,,,,
Creditor,rps_lng-HDO210040,rps_lng-HDO19001147,rps_lng-HDO210407,2022-01-27,,,,,,,,
Tenancy,rps_lng-HDO210040,,rps_lng-HDO210407,2021-07-13,,,,,,,,
Creditor,rps_lng-HDO210041,rps_lng-HDO21001573,rps_lng-HDO211229,2023-04-17,,,,,,,,
Creditor,rps_lng-HDO210041,rps_lng-HDO19001439,rps_lng-HDO211229,2022-09-05,,,,,,,,
Creditor,rps_lng-HDO210041,rps_lng-HDO19005792,rps_lng-HDO211229,2022-06-02,,,,,,,,
Tenancy,rps_lng-HDO210041,,rps_lng-HDO211229,2022-05-13,,,,,,,,
Tenancy,rps_lng-HDO210041,rps_lng-HDO21000174,rps_lng-HDO211229,2022-04-29,,,,,,,,
Tenancy,rps_lng-HDO210041,rps_lng-HDO17002857,rps_lng-HDO211229,2021-12-15,,,,,,,,
Creditor,rps_lng-HDO210041,rps_lng-VAD21000019,rps_lng-HDO211229,2021-11-12,,,,,,,,
Creditor,rps_lng-HDO210045,rps_lng-HDO21001573,rps_lng-HDO210342,2022-11-07,,,,,,,,
Tenancy,rps_lng-HDO210045,,rps_lng-HDO210342,2022-02-02,,,,,,,,
Tenancy,rps_lng-HDO210070,rps_lng-HDO19001246,rps_lng-HDO210547,2021-12-09,,,,,,,,
Tenancy,rps_lng-HDO210070,rps_lng-VAD21000019,rps_lng-HDO210547,2021-12-09,,,,,,,,
Tenancy,rps_lng-HDO210070,,rps_lng-HDO210547,2021-04-30,,,,,,,,
Creditor,rps_lng-HDO210070,rps_lng-HDO19001188,rps_lng-HDO211659,2023-03-29,,,,,,,,
Creditor,rps_lng-HDO210113,rps_lng-HDO19001188,rps_lng-HDO210575,2023-03-31,,,,,,,,
Tenancy,rps_lng-HDO210113,,rps_lng-HDO210575,2022-11-15,,,,,,,,
Creditor,rps_lng-HDO210113,rps_lng-HDO22001619,rps_lng-HDO210575,2022-06-02,,,,,,,,
Creditor,rps_lng-HDO210140,rps_lng-HDO19001188,rps_lng-HDO210708,2023-03-29,,,,,,,,
Creditor,rps_lng-HDO210190,rps_lng-HDO19001147,rps_lng-HDO210971,2021-09-30,,,,,,,,
Tenancy,rps_lng-HDO210190,,rps_lng-HDO220693,2023-01-10,,,,,,,,
Creditor,rps_lng-HDO210190,rps_lng-DRE19000036,rps_lng-HDO220693,2022-11-29,,,,,,,,
Tenancy,rps_lng-HDO210190,,rps_lng-HDO220693,2022-06-08,,,,,,,,
Creditor,rps_lng-HDO210190,rps_lng-HDO22004027,rps_lng-HDO230288,2023-05-17,,,,,,,,
Creditor,rps_lng-HDO210190,rps_lng-DRE19000090,rps_lng-HDO230288,2023-05-16,,,,,,,,
Creditor,rps_lng-HDO210193,rps_lng-HDO21001573,rps_lng-HDO210884,2023-01-11,,,,,,,,
Creditor,rps_lng-HDO210193,rps_lng-VAD21000019,rps_lng-VAD210022,2021-07-19,,,,,,,,
Creditor,rps_lng-HDO210193,rps_lng-HDO18002118,rps_lng-VAD210022,2021-07-15,,,,,,,,
Creditor,rps_lng-HDO210236,rps_lng-HDO19001439,rps_lng-HDO211025,2022-05-25,,,,,,,,
Tenancy,rps_lng-HDO210236,rps_lng-HDO21001981,rps_lng-HDO220779,2023-06-13,,,,,,,,
Creditor,rps_lng-HDO210236,rps_lng-SAN22000095,rps_lng-HDO220779,2023-04-03,,,,,,,,
Tenancy,rps_lng-HDO210236,,rps_lng-HDO220779,2022-06-23,,,,,,,,
Creditor,rps_lng-HDO210239,rps_lng-HDO19001188,rps_lng-HDO210956,2023-03-29,,,,,,,,
Tenancy,rps_lng-HDO210239,rps_lng-HDO19001406,rps_lng-HDO210956,2021-12-21,,,,,,,,
Creditor,rps_lng-HDO210267,rps_lng-HDO19001188,rps_lng-HDO221408,2023-03-31,,,,,,,,
Creditor,rps_lng-HDO210268,rps_lng-HDO19001188,rps_lng-HDO211022,2023-03-31,,,,,,,,
Creditor,rps_lng-HDO210326,rps_lng-HDO21001573,rps_lng-HDO211354,2023-06-05,,,,,,,,
Creditor,rps_lng-HDO210326,rps_lng-HDO19001421,rps_lng-HDO211354,2023-05-08,,,,,,,,
Creditor,rps_lng-HDO210326,rps_lng-HDO19001188,rps_lng-HDO211354,2023-03-29,,,,,,,,
Tenancy,rps_lng-HDO210326,,rps_lng-HDO211354,2023-03-23,,,,,,,,
Creditor,rps_lng-HDO210328,rps_lng-HDO19001188,rps_lng-HDO220191,2023-03-29,,,,,,,,
Creditor,rps_lng-HDO210369,rps_lng-CHA19000037,rps_lng-HDO211378,2022-03-05,2022-03-09,,,,,,,
Creditor,rps_lng-HDO210369,rps_lng-HDO19001147,rps_lng-HDO211378,2022-03-05,2022-03-08,,,,,,,
Creditor,rps_lng-HDO210369,rps_lng-VAD21000019,rps_lng-HDO211378,2021-10-29,,,,,,,,
Tenancy,rps_lng-HDO210381,rps_lng-HDO19001497,rps_lng-HDO211440,2023-05-23,,,,,,,,
Tenancy,rps_lng-HDO210381,rps_lng-HDO19001480,rps_lng-HDO211440,2023-05-16,,,,,,,,
Creditor,rps_lng-HDO210381,rps_lng-HDO19001188,rps_lng-HDO211440,2023-03-29,,,,,,,,
Creditor,rps_lng-HDO210381,rps_lng-HDO21001573,rps_lng-HDO211440,2022-11-07,,,,,,,,
Tenancy,rps_lng-HDO210387,rps_lng-HDO19001188,rps_lng-HDO211463,2022-06-30,,,,,,,,
Tenancy,rps_lng-HDO210387,rps_lng-VAD21000019,rps_lng-HDO211463,2021-11-30,,,,,,,,
Creditor,rps_lng-HDO210387,rps_lng-HDO23002103,rps_lng-HDO221589,2023-05-15,,,,,,,,
Creditor,rps_lng-HDO210387,rps_lng-HDO23002103,rps_lng-HDO221589,2023-04-11,,,,,,,,
Tenancy,rps_lng-HDO210387,,rps_lng-HDO221589,2023-01-10,,,,,,,,
Creditor,rps_lng-HDO210387,rps_lng-HDO21001573,rps_lng-HDO221589,2022-11-28,,,,,,,,
Creditor,rps_lng-HDO210387,rps_lng-DRE19000036,rps_lng-HDO221589,2022-11-28,,,,,,,,
Tenancy,rps_lng-HDO210387,,rps_lng-HDO221589,2022-11-23,,,,,,,,
Tenancy,rps_lng-HDO210496,,rps_lng-HDO220688,2023-02-03,,,,,,,,
Tenancy,rps_lng-HDO210496,,rps_lng-HDO220688,2023-01-23,,,,,,,,
Tenancy,rps_lng-HDO210496,,rps_lng-HDO220688,2023-01-16,,,,,,,,
Tenancy,rps_lng-HDO210496,,rps_lng-HDO220688,2022-12-20,,,,,,,,
Creditor,rps_lng-HDO210496,rps_lng-CVA21002238,rps_lng-HDO220688,2022-11-17,,,,,,,,
Creditor,rps_lng-HDO210496,rps_lng-DRE19000036,rps_lng-HDO220688,2022-09-05,,,,,,,,
Creditor,rps_lng-HDO210496,rps_lng-VAD21000019,rps_lng-HDO220688,2022-06-14,,,,,,,,
Tenancy,rps_lng-HDO210496,,rps_lng-HDO220688,2022-06-08,,,,,,,,
Tenancy,rps_lng-HDO210496,rps_lng-VAD21000019,rps_lng-HDO220688,2022-05-26,,,,,,,,
Creditor,rps_lng-HDO210506,rps_lng-DRE19000036,rps_lng-HDO211710,2023-01-18,,,,,,,,
Tenancy,rps_lng-HDO210506,,rps_lng-HDO211710,2022-11-22,,,,,,,,
Creditor,rps_lng-HDO210506,rps_lng-VAD21000019,rps_lng-HDO211710,2022-09-14,,,,,,,,
Creditor,rps_lng-HDO210506,rps_lng-DRE19000076,rps_lng-HDO211710,2022-06-22,,,,,,,,
Tenancy,rps_lng-HDO210506,rps_lng-DRE19000076,rps_lng-HDO211710,2022-06-08,,,,,,,,
Creditor,rps_lng-HDO210506,rps_lng-HDO19002005,rps_lng-HDO211710,2022-06-03,,,,,,,,
Creditor,rps_lng-HDO210506,rps_lng-DRE19000104,rps_lng-HDO211710,2022-05-13,2022-05-13,,,,,,,
Tenancy,rps_lng-HDO210506,rps_lng-HDO21001981,rps_lng-HDO211710,2022-01-20,,,,,,,,
Creditor,rps_lng-HDO210534,rps_lng-HDO19002404,rps_lng-SAN220007,2022-03-03,,,,,,,,
Creditor,rps_lng-HDO220099,rps_lng-HDO20002103,rps_lng-HDO220396,2022-10-27,,,,,,,,
Tenancy,rps_lng-HDO220099,,rps_lng-HDO220396,2022-04-28,,,,,,,,
Tenancy,rps_lng-HDO220099,,rps_lng-HDO220396,2022-04-05,,,,,,,,
Tenancy,rps_lng-HDO220099,,rps_lng-HDO220396,2022-03-30,,,,,,,,
Tenancy,rps_lng-HDO220108,,rps_lng-HDO220425,2022-06-15,,,,,,,,
Creditor,rps_lng-HDO220108,rps_lng-HDO19004467,rps_lng-HDO220425,2022-04-19,,,,,,,,
Tenancy,rps_lng-HDO220108,,rps_lng-HDO220425,2022-03-30,,,,,,,,
Creditor,rps_lng-HDO220108,rps_lng-HDO19004467,rps_lng-HDO230039,2023-03-10,,,,,,,,
Tenancy,rps_lng-HDO220108,,rps_lng-HDO230039,2023-02-03,,,,,,,,
